id,repo_id,label,url,commit message,commitDate,java_file_change_count,line_change_count,sampling_commit
4224,2,0,https://github.com/apache/dubbo/commit/9e9e778e04aa95501e4ab9b49e8f927527e7e260,Optimize_hessian_desr_performance (#1705),2018-04-26T10:51:02Z,1,163,0
5382,3,0,https://github.com/square/retrofit/commit/07548db79012d3ccacc5d883f3e71d24d0de359a,Add @PartMap annotation.,2014-05-01T17:16:02Z,5,156,0
6983,4,3,https://github.com/square/okhttp/commit/c310d27440bd58c23a8cb7795fe1e9514488c962,workaround broken system dns behaviour,2017-11-17T11:02:26Z,1,9,0
3817,2,0,https://github.com/apache/dubbo/commit/7f262f960b830db3b80d35451f259430ae56b1c8,simplify map empty judgment (#3376),2019-01-29T05:38:51Z,1,4,0
2613,2,0,https://github.com/apache/dubbo/commit/912303d9c4aaf04866868e5e48ee247820f088ba,collect async export services (#5905),2020-04-01T14:49:58Z,1,1,0
2884,2,2,https://github.com/apache/dubbo/commit/dfa84998968f7f9bfc25b935b531fcf8c67fe854,fix NetUtils.isPreferIPV6Address bug (#5238),2019-11-08T05:20:57Z,1,6,0
5058,3,0,https://github.com/square/retrofit/commit/238a9e59e69d61479a4505dba5f5659a599c699f,"Doc error. `@QueryMap` with `encoded=true` will stop default url encoding. So, calling with `foo.list(ImmutableMap.of('foo', 'foo+bar'))` yields '/search?foo=foo+bar' instead of '/search?foo=foo%2Bbar'.",2016-03-07T02:32:06Z,1,4,0
3868,2,0,https://github.com/apache/dubbo/commit/c21cc05ec9ff4f96f34af9027714bb525cd0edf5,replace ServiceAnnotationBeanPostProcessor log.isInfoEnabled->log.isWarnEnabled (#2712) <enter>  <enter> simplify ExtensionLoader code segment,2018-10-31T03:29:54Z,2,17,0
7285,4,2,https://github.com/square/okhttp/commit/e3cd9b9f1c9787c36d5ea82190bf1e2365377e66,Fixes #2513 - NetworkSecurityPolicy based ConnectionSpec setup.,2016-04-27T02:05:28Z,2,37,0
1775,1,2,https://github.com/junit-team/junit4/commit/a688f6cecfe303b02087747226e5c376aebb0c44,"Issue #1127; when arrays differ in length, say so, but go ahead and find the first difference as usual to ease diagnosis",2016-05-15T22:35:58Z,2,99,0
2599,2,2,https://github.com/apache/dubbo/commit/317e62f73fd0a9bac4b34eb8b2c31bbae591ef91,Fix concurrency problems in RpcStatus and RoundRobinLoadBalance (#5881),2020-04-07T02:43:21Z,2,59,0
4951,3,2,https://github.com/square/retrofit/commit/a63faf44e1b103a49d25a15c720fc5940ae9fc07,Fixed copy-paste errors.,2017-04-21T00:36:13Z,1,28,0
5262,3,0,https://github.com/square/retrofit/commit/52be441605e6fc469ec718b2da954ad553491746,Fix foo/bar/baz in @Query documentation,2015-04-26T09:32:20Z,1,6,0
7217,4,0,https://github.com/square/okhttp/commit/02b08fbde7b1726d7a4c0dc971152751ac82ca0a,"Allow HTAB in header values. <enter>  <enter> RFC 7230 section 3.2 allows HTAB ('	', 'u0009') inside header <enter> values as long as there is not more than one in a row: <enter>   https://tools.ietf.org/html/rfc7230#section-3.2 <enter>  <enter> Before this CL, OkHttp previously disallowed HTAB in header values. <enter> This CL changes behavior to allow any number of consecutive HTABs <enter> inside a header value; this is more permissive than the RFC, but <enter> is consistent with how OkHttp currently treats space characters <enter> (' ', 'u0020').",2016-09-07T17:23:08Z,3,15,0
5300,3,3,https://github.com/square/retrofit/commit/478e1ddfc774ae990a5efd3143c9e7e95994942c,Provide a setter to set strict mode to false,2014-11-19T23:15:53Z,1,13,0
4415,2,2,https://github.com/apache/dubbo/commit/6a7717970fd3abde99651d405dc1fd75bedfac1c,Update OverrideServiceImpl.java <enter>  <enter> fix the bug: cant enable override,2017-10-10T09:06:02Z,1,2,0
4221,2,0,https://github.com/apache/dubbo/commit/71e04fb634bf76d47c9ae55637db72fd7de50076,"Fix #1411 Java Locale use '_' split language, country, variant. (#1413)",2018-04-04T03:01:26Z,3,86,0
15744,5,0,https://github.com/spring-projects/spring-boot/commit/b34e752db6d8bad7d040d19be545e3cfc57f3dcd,Ensure checking customizer ordering <enter>  <enter> See gh-15603,2019-01-03T01:19:20Z,1,7,0
2606,2,0,https://github.com/apache/dubbo/commit/d6672afbee70a9fea98a876a225ccb7ea17e028a,polish NetUtils#matchIpRange (#5773),2020-04-02T13:23:04Z,1,17,0
8345,4,2,https://github.com/square/okhttp/commit/638ae21c7a6edc0e51bc624a80dfbc6fb8aa4236,"safer check for invalid values, without catching OOM",2013-08-29T15:17:24Z,1,8,0
2912,2,2,https://github.com/apache/dubbo/commit/15d808446d4bebc3b87f986ccc657f9e5baff728,Fix Dubbo-3990 #3990 (#5247),2019-10-29T01:48:17Z,1,3,0
271,1,0,https://github.com/junit-team/junit4/commit/178f854e4c7e31ece6d71f5aa4433f0432349f4f,Make stylistic changes <enter>  <enter> Put { on first line with a space before it,2013-01-09T22:35:07Z,1,13,0
9472,5,2,https://github.com/spring-projects/spring-boot/commit/c355b95f6c744191e9d90623281190b783542cc2,Fix conditions that lead to auto-configure PushGateway <enter>  <enter> See gh-22919,2020-08-12T12:42:46Z,1,9,0
10040,5,0,https://github.com/spring-projects/spring-boot/commit/0f9e8315bca4e3c8be824c2c1a1b7ec6defdc734,Replace use of deprecated Reactor MonoProcessor in tests <enter>  <enter> Fixes gh-23627,2020-10-09T20:14:32Z,1,13,0
4790,3,0,https://github.com/square/retrofit/commit/ce6e0d17005afd09c46e4fe6cf40643b0913c59d,"`URL` overload for `Retrofit.Builder#baseUrl` <enter>  <enter> Functionally does nothing, just somewhat cleaner to be able to do `baseUrl(URL)` than `baseUrl(URL#toString());` if handling a `URL` rather than `String`. <enter> Used `HttpUrl.get(String)` as `HttpUrl.get(URL)` returns null instead of throwing an exception.",2019-05-30T16:52:37Z,2,21,0
15589,5,0,https://github.com/spring-projects/spring-boot/commit/e233ea7f546fcbc5fccf972bc70c26373103444c,Fix undertow access_log file name <enter>  <enter> Undertow 1.3.2 changed the default access log file suffix from '.log' <enter> to just 'log'. Thus we need to adapt the file name pattern to include <enter> the missing dot. <enter>  <enter> Closes gh-4670,2015-12-03T11:21:37Z,1,2,0
1511,1,2,https://github.com/junit-team/junit4/commit/363755060f75d3d5cce21bd05d49110e02bc1ba2,Fix ResultMatchers#hasFailureContaining (#1292) <enter>  <enter> ResultMatchers.hasFailureContaining() should not match when the given PrintableResult has no failures.,2016-09-18T17:34:02Z,2,37,0
362,1,0,https://github.com/junit-team/junit4/commit/a90b496a6595856066504baf4f737fb853a6e45d,"Ensure exceptions from methodBlock() don't result in unrooted tests. <enter>  <enter> The introduction of the runLeaf() method in BlockJUnit4ClassRunner in <enter> JUnit 4.9 introduced a regression with regard to exception handling. <enter>  <enter> Specifically, the invocation of methodBlock() is no longer executed <enter> within a try-catch block as was the case in previous versions of JUnit. <enter>  <enter> Custom modifications to methodBlock() or the methods it invokes may in <enter> fact throw exceptions. In such cases, exceptions thrown from <enter> methodBlock() cause the current test execution to abort immediately. As <enter> a result, the failing test method is unrooted in test reports, and <enter> subsequent test methods are never invoked. Furthermore, RunListeners <enter> registered with JUnit are not notified. <enter>  <enter> This commit addresses this issue by wrapping the invocation of <enter> methodBlock() within a try-catch block. If an exception is not thrown, <enter> the resulting Statement is passed to runLeaf(). If an exception is <enter> thrown, it is wrapped in a Fail statement which is passed to runLeaf(). <enter>  <enter> Closes #1066 <enter> Closes #1082",2015-02-15T20:53:52Z,3,109,0
8103,4,0,https://github.com/square/okhttp/commit/6b17f9edf338173c6491cc30feeb6e4ff539be9d,"Doc: OkHttpClient should be treated as immutable once shared <enter>  <enter> ...given that requirement, it's safe for many threads to call the <enter> open() method concurrently to open their own connections. <enter>  <enter> https://github.com/square/okhttp/pull/634#discussion_r10487815",2014-03-11T19:57:33Z,1,9,0
2811,2,0,https://github.com/apache/dubbo/commit/53dca537089441e84160391c8f7efd7b40dd9155,Remove redundant judgment (#5456),2019-12-11T08:37:21Z,1,7,0
5775,3,3,https://github.com/square/retrofit/commit/00a2db876fc5c0447a3617837894f30890cde367,Adding GET support to RestAdapter,2011-01-20T18:44:53Z,2,207,0
16206,5,0,https://github.com/spring-projects/spring-boot/commit/abcff3a3b382f227f257b750415975c6694d4cb2,Use try-with-resources in HttpTunnelPayload <enter>  <enter> See gh-11779,2018-01-25T18:55:38Z,1,22,0
2525,2,0,https://github.com/apache/dubbo/commit/5668d740766f6303e789f072100cd235e4b67582,"Fix export provider error, change to catch throwable, handle NoClassDefFoundError (#6380)",2020-07-01T03:42:09Z,3,12,0
756,1,3,https://github.com/junit-team/junit4/commit/6b943e564adcc9a7106e54c24eb5d022bed1462f,changed the expectedCause() method to accept a Matcher instead of an explicit Throwable and made some documentation changes,2012-04-19T12:05:53Z,2,47,1
564,1,3,https://github.com/junit-team/junit4/commit/aff46c491d590ff2fcc43d0eaa0049593f6169b4,closed method assertEquals with },2012-05-27T18:56:07Z,1,1,0
5113,3,0,https://github.com/square/retrofit/commit/f4ee9e28a6380662ea0ab8a9a02adbd021ef55e8,Added more tests for RxJava Single type support <enter>  <enter> Single.toBlocking() is present since RxJava 1.0.16 version.,2016-01-02T00:32:40Z,1,100,0
1247,1,0,https://github.com/junit-team/junit4/commit/3189af007b26d74ca459f823d57ef77b9c1697b8,Remove redundant field fCause,2014-03-03T21:57:12Z,1,5,0
5470,3,2,https://github.com/square/retrofit/commit/1f0920af8eb159eec3c41f159adb3d790fdff5b8,UserService example in MockRestAdapter should be an interface,2013-11-07T21:27:32Z,1,2,0
5464,3,3,https://github.com/square/retrofit/commit/9159571ec483f5b798e85c2ee94673fa1075384c,Last argument should be handled for observable methods,2013-11-10T17:17:36Z,1,4,0
1077,1,2,https://github.com/junit-team/junit4/commit/b19ff583ce5cb5527dab83a1f336c7526463dac4,Fixed failing tests when running on Windows. <enter>  <enter> Note that File.separator is not sufficient to build an absolute path on Windows. <enter> String.format with '%n' produces a platform dependent line separator. <enter>  <enter> Closes #1409,2017-01-09T21:27:32Z,2,16,0
489,1,2,https://github.com/junit-team/junit4/commit/ebb9d7f536a5b1be8364c6cb7367cac8c3849caa,Implemented the changes proposed davidhart82,2012-06-21T17:39:39Z,1,6,0
12264,5,0,https://github.com/spring-projects/spring-boot/commit/7daade21c4ef296499f11d0413c91d9e029bc576,"Support escaped characters in BasicJsonParser <enter>  <enter> This commit adds the ability to have escaped characters, like the quote, <enter> when using the BasicJsonParser. It also adds a short test for escaped <enter> quotes. <enter>  <enter> Closes gh-14521",2018-09-19T00:41:57Z,2,17,0
8402,4,3,https://github.com/square/okhttp/commit/4910039a572abc6d20cac48eb2c5e92591520537,Support querying & setting transport lists on connections. <enter>  <enter> The list is specified via a magic request property <enter> 'X-Android-Transports' and can be queried via the request <enter> property 'X-Android-Selected-Transport'. <enter>  <enter> System wide defaults / switches don't need any changes <enter> to okhttp. They can be set as options on the OkHttpClient <enter> used by the platform UrlStreamHandlers.,2013-06-03T09:55:52Z,5,90,0
5595,3,0,https://github.com/square/retrofit/commit/b3fcdca9939f376d9f825bb6ccaeeaa97c0f8325,"Fix inconsistencies in javadocs. <enter>  <enter> These changes were made with consistency in mind, in relation to the rest of the project: <enter>  - Change self-closing <p/> tags to regular <p> tags. <enter>  - Add missing <p> tags.",2013-03-01T23:26:51Z,3,13,0
4050,2,2,https://github.com/apache/dubbo/commit/bcb6eeec1d978d6d572ebec875d34dc64aeb5121,fix return type (#3284),2019-01-21T03:15:02Z,1,6,0
20363,5,0,https://github.com/spring-projects/spring-boot/commit/b7847d98a780c14ba9b1eec62b04acff9bf3c97d,"Auto-configure Neo4J BookmarkManager when possible <enter>  <enter> Add `Neo4jBookmarkManagementConfiguration` which provides an instance <enter> of `BookmarkManager` if necessary and Caffeine cache is on the <enter> classpath. Depending on the kind of application, the `BookmarkManager` <enter> will be request scoped or singleton, as recommended by Spring Data <enter> Neo4j. <enter>  <enter> See gh-14568",2018-09-21T11:36:44Z,3,125,0
7050,4,0,https://github.com/square/okhttp/commit/d4a9cf4772ae9d8991e58d934dea433798c9b8eb,`response` receives null explicitly from several catch clauses => Fix nullability (override default parameter nullability set at package-info). (#3449),2017-07-09T04:30:01Z,3,9,0
5445,3,3,https://github.com/square/retrofit/commit/e8e30931a53393becb20556f579685141e733a19,Add default constructor to SimpleXmlConverter,2014-01-07T06:44:35Z,1,5,0
736,1,3,https://github.com/junit-team/junit4/commit/0b62513fa20ea3975a580e5b89dad265f54d6112,Simplifying isEqualsRegardingNull.,2012-02-03T00:33:41Z,1,9,0
7618,4,3,https://github.com/square/okhttp/commit/bebea4679ead5f9779ad00c3570ea68eb2a8dea7,Log favicon request instead of using standard output,2015-10-31T18:58:14Z,1,4,0
6490,4,0,https://github.com/square/okhttp/commit/c6c7ce7dadf2ccaa04122f57a278a4a96d1f5c50,"DiskLruCache snapshot() method removing entries that are being cached (#3905) <enter>  <enter> Fixed a bug I found. <enter> When using DiskLruCache, hasNext() method of Iterator<Snapshot> returned by snapshot() method iterates through lruEntries, however if entry is not completed yet, it is removed (together with dirtyFiles) as cleanFiles don't exist yet - during saving response to disk. This caused sometimes file not being cached at all.",2019-06-29T19:08:31Z,1,21,0
24509,5,3,https://github.com/spring-projects/spring-boot/commit/1cbef022360a88f8cd45b838c2d615a8450465f9,Add messagecode resolver format based on application property,2014-04-28T19:00:07Z,2,53,0
2481,2,0,https://github.com/apache/dubbo/commit/f9f10ba5225e80c34953f56123ac1702c13e45c7,"In order to facilitate the consumer to better locate the failure of provider token check, the token value called by consumer will be printed out in the exception information (#6800)",2020-10-13T03:06:55Z,1,4,0
5161,3,0,https://github.com/square/retrofit/commit/408a975f4c35438118f613bbeed912e1b0f71ec3,Update multipart documentation.,2015-10-07T12:01:41Z,3,27,0
4100,2,0,https://github.com/apache/dubbo/commit/624d3aea9c1f1f7759c71b00dd38a9bdb720cd8d,Support protocol config for reference annotation (#1675),2018-06-11T05:59:38Z,2,5,0
2642,2,0,https://github.com/apache/dubbo/commit/7a73b3f86a0fbf75f7c190b813dace642bd4a9c7,[Dubbo-5592] simplify code for getExtensionLoader method (#5593),2020-03-21T14:25:22Z,1,8,0
4502,2,3,https://github.com/apache/dubbo/commit/841f6c2612d049ac0aa8bcbb6a00dad8d77a6fca,add ProtectionDomain for dynamicly created class,2013-03-11T13:02:08Z,1,2,0
4501,2,3,https://github.com/apache/dubbo/commit/105a0c7d11d6e96f6ba692751b805a4a522dbd32,set ProtectionDomain for newly generated Class,2013-03-20T03:13:59Z,1,8,0
8357,4,2,https://github.com/square/okhttp/commit/d3a92ff9d511b40ce65f24f95901f53a1240dc74,spdy 3 support length 0 header value,2013-08-14T03:52:54Z,1,1,0
8313,4,2,https://github.com/square/okhttp/commit/1c90331a3dc9856e31fac14b58d856cb2dd83d89,getMtu issue,2013-12-28T05:30:22Z,1,8,0
8405,4,3,https://github.com/square/okhttp/commit/1192af61fd1f6a102a7d74422e83dfb1fc9a94b9,Add current AOSP class name for OpenSSLSocketImpl <enter>  <enter> AOSP moved OpenSSLSocketImpl to com.android.org.conscrypt.* so add that <enter> as the first choice for unbundled apps. <enter>  <enter> Change-Id: I7bad6533dcb86ee1cac3b15f42dd386bd651eaed,2013-05-28T22:49:54Z,1,9,0
7984,4,3,https://github.com/square/okhttp/commit/4f0cf03bed4180e4e277a99e1194cc17b0d198d4,Expose running and queued call counts for monitoring,2015-04-13T22:51:36Z,1,8,0
4558,2,2,https://github.com/apache/dubbo/commit/bfac27b7fe7fb1e5439604a73e0fe59db01f1457,DUBBO-135 fix test case <enter>  <enter> git-svn-id: http://code.alibabatech.com/svn/dubbo/trunk@1993 1a56cb94-b969-4eaa-88fa-be21384802f2,2012-06-13T12:28:25Z,1,34,0
6812,4,3,https://github.com/square/okhttp/commit/c951e6ed887ad8b9595652f39dad646590b22037,APIs to set date headers,2018-10-31T15:31:05Z,3,119,0
16185,5,0,https://github.com/spring-projects/spring-boot/commit/ee37dc1c31e2975a905e2e94bfecec3cf5e1c016,Make sure exception tag values are not empty in web metrics <enter>  <enter> See gh-13187,2018-07-18T22:04:44Z,4,49,0
4882,3,0,https://github.com/square/retrofit/commit/329a9fda122f29a40f49482d421f260bf148ee83,Ability to add Http status code to Response.success (#2715),2018-03-27T14:33:32Z,2,27,1
7250,4,3,https://github.com/square/okhttp/commit/a0b9308d270c6d107c57adb1d017901897b5c9a4,Update Javadoc example,2016-07-08T10:03:11Z,1,2,0
21573,5,0,https://github.com/spring-projects/spring-boot/commit/49ef93602e4db89944a5897fb250121186161d2c,Add external-file-property to LogFileMvcEndpoint <enter>  <enter> Add an additional property to LogFileMvcEndpoint to allow log files to <enter> be read from an external location. This is helpful when a launch.script <enter> is used to start the boot-application and the logfile is written by a <enter> redirect of stdout/stderr. <enter>  <enter> Fixes gh-4255 <enter> Closes gh-4836,2015-12-24T00:06:00Z,3,53,0
5594,3,3,https://github.com/square/retrofit/commit/a10def06d7a3ec75de30fee9c2dfd47837201eba,Add response object to callback success. <enter>  <enter> Gives access to response headers while still converting response within retrofit.,2013-03-10T22:10:10Z,6,69,0
3662,2,2,https://github.com/apache/dubbo/commit/e35084015b6af5b39fe8dca279202e81d59ce082,fix methodName and retries in FailoverClusterInvoker (#2145),2018-08-09T09:58:10Z,1,8,0
14619,5,0,https://github.com/spring-projects/spring-boot/commit/fe6da39e1bf1fae0f5c725c9ffb7b28f386f9eec,Remove boxing <enter>  <enter> See gh-18552,2019-10-10T06:21:16Z,2,16,0
865,1,0,https://github.com/junit-team/junit4/commit/3920f3fe11dffc904e1ab41a9ff4fc9d36b1c25b,Making Super and Sub member classes as suggested. <enter> https://github.com/KentBeck/junit/pull/293/files#r403246,2012-01-31T19:52:41Z,1,12,0
6545,4,3,https://github.com/square/okhttp/commit/e7a704a1cea504d293eec9c93cf4dcaa4ec376f3,Update javadoc,2019-04-01T09:02:42Z,1,2,0
20584,5,2,https://github.com/spring-projects/spring-boot/commit/560ffc905661a8981f7845cc8e8d95e9bec835c6,Do not attempt to restart non-restartable jobs <enter>  <enter> Closes gh-3830,2015-08-26T10:22:44Z,2,24,0
5459,3,2,https://github.com/square/retrofit/commit/f1d7acb377874a102a5e14eb64a70271975c167a,fixed javadoc,2013-11-16T20:29:08Z,1,5,0
373,1,2,https://github.com/junit-team/junit4/commit/dda4d08fc64933a8e4af33b745bd8219682b7bcb,Fixes imports,2012-12-06T17:29:51Z,1,11,0
602,1,3,https://github.com/junit-team/junit4/commit/32330b13f2ded8603665264f8400ddf1f6dd969a,"make MethodSorter.NAME_ASCENDING a deterministic comparator, with Method.toString used as a tiebreaker",2012-05-30T11:38:31Z,3,13,0
5427,3,3,https://github.com/square/retrofit/commit/0284a813dbd69be3f13fb60fe3be128379df7a64,RequestBuilder: Support Iterable / Map for @Field,2014-01-31T00:29:38Z,2,61,0
2905,2,3,https://github.com/apache/dubbo/commit/7e0ef420b63b418baf182cbc92dce7cc795fa2b8,ExtensionLoader try to load from itself ClassLoader when can not find resources.,2019-10-08T11:54:41Z,1,7,0
4997,3,0,https://github.com/square/retrofit/commit/d32c626ed0da7001aa533ba32c9752c77cdc71a9,Close ResponseBody on 204/205 to avoid connection leak,2016-09-20T13:11:43Z,1,1,0
2978,2,0,https://github.com/apache/dubbo/commit/a5cc7a26179aab97b3bee3fcc93fe90ac0ecb29f,reduce the level of request data in  timeout log (#5149) <enter>  <enter> to control the size of log,2019-10-10T00:36:18Z,1,8,0
2806,2,0,https://github.com/apache/dubbo/commit/3b03c3f29807b654b12af5376ecedd494be12acb,[Dubbo-4863] add switch of generic invocation with class info (#5412) <enter>  <enter> fix #4863,2019-12-11T12:25:46Z,2,12,0
26692,5,0,https://github.com/spring-projects/spring-boot/commit/6fcbf80b31b33ca725c58e785ae257c8dcb2f627,Add support for additional Kafka listener properties <enter>  <enter> See gh-11502,2018-01-04T16:45:13Z,3,98,0
291,1,0,https://github.com/junit-team/junit4/commit/ad9972ba5d135d1c5673f0773cb7027f7823feb5,Prefer interfaces over concrete classes <enter>  <enter> Makes code easier to scan by removing unnecessary noise.,2015-03-10T19:37:47Z,5,14,0
6657,4,0,https://github.com/square/okhttp/commit/e7a04f92a2f5d1fa13866b333dada999c3c11fd8,Release websocket transmitter before failing response #4695,2019-03-08T11:10:56Z,1,2,0
3357,2,2,https://github.com/apache/dubbo/commit/2e660dfef7282b43bc58113df39e61b7a79bdf0e,Dubbo-3473 Fix Not Properly Closed Resources (#3474),2019-03-07T10:08:55Z,2,6,0
1557,1,0,https://github.com/junit-team/junit4/commit/2b6fa701e84625c511b03079296774cc0904ef1a,"Bug: ParentRunner lost test Class from a separate class loader (#1252) <enter>  <enter> * Bug: ParentRunner lost test Class from a separate class loader <enter>  <enter> When junit.jar located in one ClassLoader but runing tests in another ParentRunner can lost information about run class. <enter> For example if use @ClassRule and request test class(org.junit.runner.Description#getTestClass) we can get null, <enter> because ParentRunner instead of set Class as is to Description tranform it to class name string, <enter> as result org.junit.runner.Description#getTestClass execute Class.forName and can't find test class. <enter>  <enter> Spring-test fail with exception if we try use SpringClassRule <enter>  <enter> ``` <enter> java.lang.NullPointerException <enter>  at org.springframework.test.context.junit4.rules.SpringClassRule.validateSpringMethodRuleConfiguration(SpringClassRule.java:186) <enter>  at org.springframework.test.context.junit4.rules.SpringClassRule.apply(SpringClassRule.java:134) <enter>  at org.junit.rules.RunRules.applyAll(RunRules.java:26) <enter>  at org.junit.rules.RunRules.<init>(RunRules.java:15) <enter>  at org.junit.runners.ParentRunner.withClassRules(ParentRunner.java:245) <enter>  at org.junit.runners.ParentRunner.classBlock(ParentRunner.java:194) <enter>  at org.junit.runners.ParentRunner.run(ParentRunner.java:362) <enter>  at org.junit.runner.JUnitCore.run(JUnitCore.java:137) <enter> ``` <enter>  <enter> As solution, now ParentRunner create Descriptor with explicit specify Class, name and uses annotations. <enter>  <enter> * Restore backward compatibility with sub class of ParentRunner that override getName method <enter> * Add ParentRunnerClassLoaderTest to AllClassesTests suite",2016-09-17T22:41:10Z,5,163,0
5474,3,3,https://github.com/square/retrofit/commit/6eb605e8be8add7e3a9c3d0047e3c6d5e7e183a9,Code review,2013-10-28T06:58:33Z,2,9,0
5179,3,0,https://github.com/square/retrofit/commit/6843b42c3761cc4bea261ac86c2ea6bc70b04334,Remove outdated reference,2015-09-19T20:27:46Z,1,3,0
22366,5,0,https://github.com/spring-projects/spring-boot/commit/569b850fe0cbf930115a9fa32bb9088b8ec7203a,Default to optimized launch of the JVM when using spring-boot:run <enter>  <enter> See gh-16941,2019-05-22T14:35:29Z,1,9,0
2015,1,3,https://github.com/junit-team/junit4/commit/71ce2b015df78f167e4681b097cadc2e0e6655e2,JUnit4 runner as a pointer to the current default,2008-08-06T13:29:14Z,2,42,0
2020,1,3,https://github.com/junit-team/junit4/commit/ca6d91f41d566b21b643b013e843732e1315652f,Failing assumptions can be listened for.,2008-07-31T14:57:25Z,7,66,0
2022,1,2,https://github.com/junit-team/junit4/commit/50b9c949876189d8c4871471ec346988e4ccae06,Better validation in Theories,2008-07-31T14:28:18Z,4,34,0
2052,1,3,https://github.com/junit-team/junit4/commit/8c61443793e4c2e90a4056ee528c3880febb53d2,Move deprecated classes back where they used to be.,2008-06-26T15:20:39Z,7,30,0
2061,1,3,https://github.com/junit-team/junit4/commit/65ff7563cc41bc7158d05e69ea0e1ec7bc0f6bd5,Finishing javadoc for org.junit.runner.*,2008-06-09T15:19:20Z,3,35,0
2062,1,3,https://github.com/junit-team/junit4/commit/f691c8f29653e75a8bac5e7bec1861e948966978,Javadocs for three more classes,2008-06-03T17:14:15Z,3,23,0
2063,1,3,https://github.com/junit-team/junit4/commit/3a7fe9fb7714a890a307ff6d7695e70548ebc457,Added profile task to build.xml,2008-06-03T16:16:52Z,1,16,0
2069,1,0,https://github.com/junit-team/junit4/commit/98555e6c5b77b59017eeaa6b54f65c1717c16b72,JavaDoc cleanup,2008-05-12T15:48:00Z,2,5,0
2089,1,0,https://github.com/junit-team/junit4/commit/d148bce8682505082a3cc634acbd36ac13a10c9a,"A SuiteBuilder can be explicitly passed to a Runner class that needs one in its constructor.  This eliminates the ugly global constant SuiteBuilder in Suite, and breaks the cyclic dependency between runners and requests",2008-01-10T04:12:53Z,6,181,0
2101,1,0,https://github.com/junit-team/junit4/commit/5af049cac0c976c586d955607fa459aacb778d3c,Remove unnecessary comments,2007-12-13T07:43:48Z,4,55,0
2102,1,0,https://github.com/junit-team/junit4/commit/5e4f8e7fb82919d992887fca1741bb04ef1c8f4a,New Suite implementation makes ClassesRequest crazy simple,2007-12-13T07:43:13Z,2,17,0
2112,1,3,https://github.com/junit-team/junit4/commit/42beed3ad166a9cceefc59f6c79a16844cae0d02,"ParentRunner handles filtering and sorting for all runners, now including CompositeRunner",2007-12-10T18:38:41Z,4,73,0
2122,1,2,https://github.com/junit-team/junit4/commit/8a8008c96936d468a2f579bcea9a71e965558d57,Ignored tests should be shown differently in stack trace section of report,2007-12-07T18:44:09Z,1,2,0
2125,1,0,https://github.com/junit-team/junit4/commit/0d6cd750d53486f01f12ddfee8657d94b5940574,Remove old todo,2007-12-07T18:42:28Z,1,2,0
2141,1,3,https://github.com/junit-team/junit4/commit/81ef67251efba98fd6bb1065e9ab97c102dbcc24,"No matching parameters is now an assumption failure, not an assertion failure",2007-12-07T16:32:57Z,1,12,0
2142,1,1,https://github.com/junit-team/junit4/commit/b52e4af4eb7b26619e1d80537952aed7276766cb,Remove,2007-12-07T16:31:54Z,1,3,0
2153,1,3,https://github.com/junit-team/junit4/commit/897fa2227e26f221e5efa4f95a805f7ff1ccac5f,Now includes filtering,2007-12-05T15:43:52Z,1,25,0
2162,1,3,https://github.com/junit-team/junit4/commit/a6368e40e787e7a23c9f1e58d6a47bf9fa2d0a2c,Pull classBlock up into ParentRunner,2007-11-26T17:07:36Z,4,69,0
2204,1,3,https://github.com/junit-team/junit4/commit/7ce9e33e556cf1817d94f769e09c9d22b8d2764d,"Leave this method in--it's used by the JMock custom runner, and possibly others",2007-08-06T20:00:50Z,1,7,0
2275,1,3,https://github.com/junit-team/junit4/commit/53b526ebaa46a5027cf1bc5a820b47badc83a3ed,Methods on inaccessible superclasses of test classes are caught during validation,2006-06-28T20:55:36Z,5,34,0
4741,3,3,https://github.com/square/retrofit/commit/a1897aebc2678d5ca1f3ae09416030673d415ab2,Small fixes from error-prone,2020-03-25T13:47:20Z,5,54,0
4762,3,0,https://github.com/square/retrofit/commit/9d683b75b111e60d30da8a03335d2ce71f5e8585,"Migrate forced suspension mechanism from yield to Dispatcher.Default <enter>  <enter> Since it's possible for certain dispatchers to completely avoid yielding, and currently the immediate dispatchers exhibit this behavior, we need an alternate mechanism of forcing suspension or UndeclaredThrowableExceptions will still be seen. <enter>  <enter> Retrofit does not have its own thread pool onto which we can defer resuming. Instead we rely to Dispatchers.Default and forcibly suspend the caller using low-level coroutine intrinsics.",2019-11-22T01:53:06Z,1,80,1
4781,3,0,https://github.com/square/retrofit/commit/948a0db7ef1d46c66237ed2feb9f6f08ee159c68,"Allow service interfaces to extend other interfaces <enter>  <enter> With a higher minSdkVersion, the bug which prevented this on Android no longer exists.",2019-07-04T03:25:20Z,3,94,0
4798,3,0,https://github.com/square/retrofit/commit/cb998173485b21af3c60abf3f64010b8a6b55559,Add more obviously missing @Nullable annotations,2019-02-28T21:47:29Z,3,10,0
4800,3,3,https://github.com/square/retrofit/commit/47ebf3e63e13986738fa4f6e54ddba26b38bf181,Back suspend methods with the CallAdapter for Call. <enter>  <enter> This allows the regular mechanism of composition of behavior without explicitly needing to model suspending functions in the API.,2019-03-01T02:53:39Z,3,188,0
4801,3,0,https://github.com/square/retrofit/commit/239cd2f227dc47d268bfec91b97f2dfd2958eee2,Add some missing @Nullable annotations to Utils,2019-02-28T21:32:46Z,1,8,0
4810,3,0,https://github.com/square/retrofit/commit/46cdff20b53a84e816d6022541347b3c06a5a52b,"Fatal errors should crash the dispatcher thread <enter>  <enter> This is an imperfect fix as uncaught exceptions reaching OkHttpCall which are not fatal still only log, but most of the adapters are defending against anything getting this far already. <enter>  <enter> Also contained is a fix for the RxJava 2 async adapter. Non-200 responses delivered to the body observer would be forwarded to onError. If that callback threw a fatal exception, it would be re-delivered to the body observer despite it having already called a downstream terminal method. The fatal error should have been propagated by the async observer instead of attempting to make its way back downstream.",2019-01-22T21:28:18Z,3,59,0
4818,3,0,https://github.com/square/retrofit/commit/a604fe1181bda241d8f0a5e07c96d7c432b44dfb,Add some missing Nullable annotations,2018-11-16T21:11:47Z,1,19,0
4822,3,0,https://github.com/square/retrofit/commit/f1524cd7c74dd3ca11154f6d3fcc0db5044d8a4e,Add some missing Nullable annotations,2018-11-16T21:03:11Z,3,10,0
4825,3,0,https://github.com/square/retrofit/commit/1d64f9763e1f5aa3d049710df8366f425109672f,Use a dummy value to further validation optional delegation <enter>  <enter> Prior to this other things might cause a null value. This ensures the value can only come from only place.,2018-11-15T07:46:17Z,2,14,0
4841,3,0,https://github.com/square/retrofit/commit/f939189f3b825beb66a499686b9f6ca0f3a70cc1,Expose static factory for Invocation <enter>  <enter> Also rework the internals of how an Invocation gets instantiated and set as a tag on the Request. This will make a future change easier to land.,2018-09-22T19:05:32Z,4,42,1
4846,3,0,https://github.com/square/retrofit/commit/c3633423b4a52566446bc6d540904f1f5f715205,"Re-work unresolvable type detection in parameters <enter>  <enter> In order to natively support Kotlin's 'suspend' modifier in the future, we need to allow wildcards to be used for the last parameter. As a result, we only validate the shape of a type once a Retrofit annotation is detected.",2018-09-06T14:33:22Z,1,57,0
4847,3,0,https://github.com/square/retrofit/commit/7e31520f844b5c8eedc3b8fe82e2e48c79e47a5a,Get rid of the now-useless HttpServiceMethod.Builder <enter>  <enter> A simple static factory will do.,2018-09-02T22:38:44Z,2,122,0
4858,3,3,https://github.com/square/retrofit/commit/f3bf724467cbd07127d26953bfc6f7e9b724b6ba,Consolidate exception formatters in one place,2018-06-16T05:20:43Z,3,214,0
6212,4,0,https://github.com/square/okhttp/commit/a0a3ef543cd5bf199878e14e34b2167e6cf9c575,Beef up Request's toString <enter>  <enter> Previously it unconditionally showed tags even if empty and would not show headers.,2019-05-25T01:57:46Z,1,34,0
6486,4,3,https://github.com/square/okhttp/commit/675cb843cee2ca2579e9f49d777e7fa1c14b2f6f,Tolerate null-hostile lists in public API,2019-07-02T13:25:42Z,1,33,0
6564,4,3,https://github.com/square/okhttp/commit/0e9a5c8054f8ae9b2bc4c41f32790fb52fd73944,Make error-prone validate missing override annotations,2019-03-30T13:52:09Z,4,43,0
6871,4,3,https://github.com/square/okhttp/commit/355c8b0ef12318994822b4095dcd9cdcec1e259a,"Skip UTF-8 decode of keys, defer UTF-8 decode of data",2018-06-13T19:15:53Z,1,191,0
9644,5,0,https://github.com/spring-projects/spring-boot/commit/a2fdf23e41020a9cc54ea3334618686bf28685de,Don't throw NettyWebServer on permission errors <enter>  <enter> Update `NettyWebServer` so that the `PortInUseException` is not thrown <enter> for permission denied errors. <enter>  <enter> Fixes gh-19807,2020-04-21T00:31:03Z,1,19,0
13203,5,0,https://github.com/spring-projects/spring-boot/commit/62b9268cecbb2ce6f5d72bf1c0423dc5a1ea69fc,Polish 'Fix Spring Batch job restart parameters handling' <enter>  <enter> See gh-14933,2018-10-26T20:23:39Z,2,134,0
13435,5,0,https://github.com/spring-projects/spring-boot/commit/6bc37c05898be797da4312e66c899491b4bb1965,Drop annotation processor spring-core dependency <enter>  <enter> Remove the spring-core dependency from the annotation processor. <enter> (cherry-picked from 4cb7d86aec5) <enter>  <enter> Fixes gh-7882,2017-01-05T06:54:39Z,1,53,0
17160,5,1,https://github.com/spring-projects/spring-boot/commit/c22018aaa12b0113ff85e07f613e50535e00e357,Polish,2014-12-14T21:40:46Z,1,21,0
18095,5,0,https://github.com/spring-projects/spring-boot/commit/1a764d9c06f2a96722c04b8d8bb1edf89e424628,Default Tomcat to not save SESSIONS.ser file <enter>  <enter> Update TomcatEmbeddedServletContainerFactory so that session data isn't <enter> serialized by default. Prior to this commit the SESSIONS.ser file would <enter> either be written to `/tmp` or into `baseDir` (if one was set). <enter>  <enter> By not saving session data we align Tomcat with the other embedded <enter> servlet containers and reduce the risk of sensitive information being <enter> left in `/tmp`. <enter>  <enter> Fixes gh-4156,2015-10-15T04:26:21Z,3,64,0
18407,5,2,https://github.com/spring-projects/spring-boot/commit/6556bb2e8912717a00e781b483c8d83f72a69571,Fix checkstyle violations,2018-05-05T03:13:57Z,1,4,0
18502,5,1,https://github.com/spring-projects/spring-boot/commit/105df823ee2445e04c4e1e0968f72f8a936ef00b,Polish,2019-08-03T14:42:22Z,2,8,0
18591,5,0,https://github.com/spring-projects/spring-boot/commit/b6667e849510ed0d89642b6743658e1f4141a6e5,Reformat code using Spring code formatter plugin,2015-10-09T20:50:41Z,5,14,0
18809,5,0,https://github.com/spring-projects/spring-boot/commit/d857323ff1413160bff87683b3c75a1e38c85b0a,Improve logging of Jetty port(s) <enter>  <enter> Fixes gh-2194,2014-12-19T22:45:17Z,1,55,0
18963,5,0,https://github.com/spring-projects/spring-boot/commit/5182bc4f2b1e7811b91ab857ddd325cc031d5805,Improve startup times <enter>  <enter> Improve startup times (although not by much) by adding more background <enter> pre-initializers and lazily evaluating the whitelabel SpEL view. <enter>  <enter> See gh-6177,2016-06-23T03:37:59Z,2,46,0
19642,5,2,https://github.com/spring-projects/spring-boot/commit/fa040c9e268e4f614b118af1b680d7789251ade3,Fix tests failing on Windows,2015-09-29T16:22:49Z,1,5,0
20505,5,0,https://github.com/spring-projects/spring-boot/commit/a5200568384b036202a49b53813aad4a6ce807b2,Make containsDescendantOf a default method <enter>  <enter> Change `ConfigurationPropertySource.containsDescendantOf` to have a <enter> default implementation that return `UNKNOWN`. <enter>  <enter> Fixes gh-12539,2018-03-19T11:44:44Z,1,7,0
20532,5,0,https://github.com/spring-projects/spring-boot/commit/ff98ba0fa569b4d025ce9ad4532dd6b65800274b,Allow early OnWebApplication filtering <enter>  <enter> Update `OnWebApplicationCondition` to be an <enter> `AutoConfigurationImportFilter` and filter out classes early. <enter>  <enter> Closes gh-13328,2018-09-24T13:30:18Z,1,68,0
21326,5,0,https://github.com/spring-projects/spring-boot/commit/cef635d86c854b0b767f929f110d974864dd09a1,"Reinstate devtools debug logging with opt-out <enter>  <enter> Reinstate `web` logging when devtools is in use, making use of the new <enter> logging groups support. Devtools now also logs an `INFO` message <enter> informing that properties defaults are offers an easy way to disable <enter> them. <enter>  <enter> Closes gh-14450",2018-09-12T22:57:19Z,1,70,0
21794,5,1,https://github.com/spring-projects/spring-boot/commit/273beaa3ce7ea510c1e0376b07b9d5e83e8d6337,Polish,2016-12-30T19:10:44Z,6,83,0
22921,5,2,https://github.com/spring-projects/spring-boot/commit/1b146f89f024ce75d6aa93a9450b69789b621f91,Fix failing test,2016-04-06T23:59:34Z,1,4,0
23670,5,3,https://github.com/spring-projects/spring-boot/commit/7ab587a067254ea36b82dd7d0fde9b1ad5914e5e,Add initializer support <enter>  <enter> Add `ApplicationContextInitializer` support to <enter> `ApplicationContextRunner`.,2018-02-12T22:53:01Z,5,104,0
23737,5,0,https://github.com/spring-projects/spring-boot/commit/1f893d9376932fefbfea2362ac513ca43931fb4f,Log warning on slow host resolution <enter>  <enter> Update `StartupInfoLogger` so that if the `InetAddress` call takes <enter> more than 200ms a warning is logged. <enter>  <enter> Closes gh-7087,2019-04-19T21:52:23Z,1,18,0
24160,5,0,https://github.com/spring-projects/spring-boot/commit/8e78ba8ce77aa3206e3bd5be7b9291f0840f3478,Change LoggingSystemTests to use real temp folder <enter>  <enter> Update AbstractLoggingSystemTests to use a TemporaryFolder rule. <enter>  <enter> Fixes gh-3349,2015-06-30T00:54:16Z,1,37,0
25103,5,0,https://github.com/spring-projects/spring-boot/commit/8f23ee4e58e8d78dae7f6dd15441fb4b5ec86933,Apply micrometer MeterFilter beans automatically <enter>  <enter> Update `MeterRegistryPostProcessor` and `MetricsAutoConfiguration` so <enter> that micrometer `MeterFilter` beans are automatically applied. <enter>  <enter> Fixes gh-11843,2018-01-30T08:15:33Z,3,135,1
25458,5,0,https://github.com/spring-projects/spring-boot/commit/d0fd6145b1f3072bcc5ad81f7c20e80e890b9442,Fix CacheType outer class tangle <enter>  <enter> Fixes gh-3168,2015-06-10T00:07:30Z,4,106,0
25722,5,0,https://github.com/spring-projects/spring-boot/commit/d61ba241b5fc3488973a77e26749f409f59333f1,Move 'testdb' naming to DataSourceProperties <enter>  <enter> Move the 'testdb' naming logic to `DataSourceProperties` and expose <enter> the `deduceDatabaseName` method so they can be used in <enter> auto-configuration. <enter>  <enter> See gh-11719,2018-01-25T03:50:06Z,7,80,0
25758,5,0,https://github.com/spring-projects/spring-boot/commit/cc5d4b8b7fd56f8eb2b6ca920c1547bce3e8f4df,Add AssertJ checkstyle rule <enter>  <enter> Closes gh-5083,2016-02-06T05:57:38Z,1,13,0
28353,5,1,https://github.com/spring-projects/spring-boot/commit/69a1eebf6869eb22ce3def803a652649a7dec1c1,Polish,2017-09-29T23:14:13Z,5,94,0
29726,5,2,https://github.com/spring-projects/spring-boot/commit/2136a390049c1a04b65863e8f3c74d9a0725e85d,Fix checkstyle errors,2017-03-07T01:37:09Z,2,2,0
5823,4,0,https://github.com/square/okhttp/commit/ff959f8fd550b8f55a47038ea4235b1b2ed2eaa8,Android Additional Tests (#6420),2020-11-15T06:42:22Z,4,55,0
5851,4,0,https://github.com/square/okhttp/commit/40a683203d29228bac0516fd0f63c86eb8bf49a3,Move osgi tests to Junit 5 (#6373),2020-11-01T14:12:55Z,1,6,1
5860,4,0,https://github.com/square/okhttp/commit/71800bd4d32e2ebee96224696b21fd68663a121b,Move connection tests to Junit 5 (#6376),2020-11-01T14:10:32Z,4,10,0
5869,4,0,https://github.com/square/okhttp/commit/743a260b2ad8fa9830a953710dca53ea7525151b,Migrate Logging tests to Junit5 (#6355),2020-10-31T12:10:08Z,2,45,0
6025,4,2,https://github.com/square/okhttp/commit/d9c8fbf3b273fe25aad0cd41f053547c1ed1b557,Confirm MockWebServer shutdown is idempotent (#5946),2020-04-13T05:49:58Z,1,16,0
6433,4,0,https://github.com/square/okhttp/commit/2a1f328d58de8d12861cdcf4be1c9f8902687e8d,Add proxy event logging (#5300),2019-07-25T04:42:32Z,7,166,0
6468,4,2,https://github.com/square/okhttp/commit/930d4d07d836aef3c2681867d6ab9e73c23aacfb,Passing conscrypt test (#5270),2019-07-06T08:03:50Z,1,1,0
6605,4,0,https://github.com/square/okhttp/commit/d04b9b0cca894c7aef4c52d77e3f599bd6ef612e,Skip hpack if tests are missing (#4770),2019-03-24T14:57:25Z,5,43,0
6792,4,0,https://github.com/square/okhttp/commit/4b204037e6415a486df4eadb0c659c666e6b9aba,Remove overlapping package-info.java,2018-12-09T16:39:34Z,1,3,0
6836,4,3,https://github.com/square/okhttp/commit/63ed542534eec2b1eb124531452a467b5541baa7,API for handling an unexpected SSE response,2018-06-23T15:16:57Z,2,10,0
6839,4,0,https://github.com/square/okhttp/commit/a01b5115985e555761fee9f9dafb9d7f14ad13cd,MockWebserver fix for IPv6 addresses (#4235) <enter>  <enter> Wrap IPv6 addresses with [] and return '/' path URIs for proxy CONNECT,2018-09-01T11:32:53Z,2,73,0
6844,4,3,https://github.com/square/okhttp/commit/5a17198acef96906dc6698245ad3192a1b4f6384,remove experimental doc,2018-06-16T07:53:49Z,1,14,1
6889,4,0,https://github.com/square/okhttp/commit/69bdd6961ba294894620f850b6b01d7175ae8009,Restricted ciphers (#3908) <enter>  <enter> Add a 'best practice' restricted TLS connection spec,2018-03-04T12:57:14Z,2,31,0
6969,4,2,https://github.com/square/okhttp/commit/0cf6f33c1fd1ff84970fa2400afb70a1ea176d5d,document buffer (#3748),2017-12-28T16:59:58Z,1,6,0
6991,4,2,https://github.com/square/okhttp/commit/d6fd0d3832907ff36789b89450df09320081fc66,Fix travis build,2017-09-12T07:32:24Z,1,2,0
7022,4,0,https://github.com/square/okhttp/commit/cdc48ba8b0e4bdfccc208985bfef200220096d9d,IOException instead of Throwable in EventListener API (#3543),2017-08-28T16:35:03Z,5,184,1
7142,4,2,https://github.com/square/okhttp/commit/9e0b5b81b0ac25f59a25bd744dc788fe5c3e2971,Make FakeDns more capable.,2017-03-03T22:41:02Z,3,135,0
7143,4,2,https://github.com/square/okhttp/commit/caec3c711887b16852c9a4b1bd6d795f3f1b9ca4,fix CertificateChainCleanerTest for Java 9,2016-12-27T07:33:38Z,1,6,1
7301,4,0,https://github.com/square/okhttp/commit/c63be3ee65184d119d5145e77986298287118c3a,document support for SNI,2016-04-21T01:30:47Z,1,2,0
9589,5,0,https://github.com/spring-projects/spring-boot/commit/7c13c01cb6a62b86478aa53d3516ae8aaea48bca,Fix mapping of Cassandra's idle-timeout and heartbeat-interval <enter>  <enter> Previous to this commit the connection idle timeout and heartbeat <enter> interval were mapped to seconds whereas Cassandra expects ms for all <enter> duration types. <enter>  <enter> This commit fixes the mapping and removes the default duration unit <enter> since it should be considered ms like every other duration properties. <enter>  <enter> Closes gh-23249,2020-09-11T06:59:34Z,2,16,0
9867,5,0,https://github.com/spring-projects/spring-boot/commit/a5b27789c0bcc7ee65e798be68dbb44ba0e2d05b,Document how to use DataNeo4jTest with reactive access <enter>  <enter> Closes gh-23630,2020-10-14T12:04:58Z,2,30,1
10187,5,2,https://github.com/spring-projects/spring-boot/commit/cd085e0641c47490e771625202a648e4de0970fa,Polish contribution <enter>  <enter> See gh-19326,2019-12-12T15:46:28Z,1,4,0
11417,5,0,https://github.com/spring-projects/spring-boot/commit/6356852e2f97e0c58be105e5561328efe05013ab,Polish 'Log health check failure with Reactive health indicators' <enter>  <enter> See gh-17635,2019-07-29T09:18:07Z,2,195,0
12093,5,0,https://github.com/spring-projects/spring-boot/commit/0a55e3e7365a44d2b1986954912f938be5a77398,Polish 'Clarify edge case docs on ConditionalOnClass' <enter>  <enter> Closes gh-8185,2017-04-10T14:12:11Z,1,35,0
13991,5,0,https://github.com/spring-projects/spring-boot/commit/2a85a2557d37e133a10a513fc71b5ccf4ee2d4ff,"Fix health indicator auto-configuration order <enter>  <enter> Previously, the health auto-configuration `AutoconfigureOrder` entry for <enter> couchbase was referring to the standard couchbase auto-configuration that <enter> is not responsible to configure the `CouchbaseOperations` bean. Yet, the <enter> health indicator implementation was relying on the presence of such a <enter> bean. <enter>  <enter> This commit fixes the `AutoconfigureOrder` entry so that it refers to <enter> `CouchbaseDataAutoConfiguration` now. <enter>  <enter> Closes gh-7543",2016-12-01T14:25:51Z,1,4,0
14552,5,0,https://github.com/spring-projects/spring-boot/commit/978f80122b9138f5606bd9e33597807b90129d61,Polish 'Debug mode is not logging web and sql related loggers' <enter>  <enter> Closes gh-16018,2019-02-27T12:37:18Z,2,15,1
14641,5,0,https://github.com/spring-projects/spring-boot/commit/42c246cacbea263bf7253b224215a09a8134f106,Polish contribution <enter>  <enter> Closes gh-15984,2019-02-18T20:18:51Z,1,2,0
15183,5,2,https://github.com/spring-projects/spring-boot/commit/03961e6692adef7f6ef7697d963bf4735224a4e8,Polish contribution <enter>  <enter> Closes gh-7004,2016-10-06T11:28:23Z,4,110,0
17274,5,0,https://github.com/spring-projects/spring-boot/commit/08a8bb0f8bf371e3fb4338becee017b29df64277,Revert 'Add failure analyzer for BeanCreationException' <enter>  <enter> Closes gh-9220,2017-05-30T12:23:47Z,4,174,0
17307,5,0,https://github.com/spring-projects/spring-boot/commit/062dc3cb9ac41f61a37ebcce182ed81e7f053d45,Upgrade to Neo4J OGM 2.1.3 <enter>  <enter> Closes gh-9335,2017-05-29T09:48:55Z,1,7,0
17904,5,0,https://github.com/spring-projects/spring-boot/commit/32b32b714275d0efaa1f5afba10e88e09101f224,Notify the use of logback specific system property <enter>  <enter> Logback documentation explains how to initialize the logging system and <enter> namely how the `logback.configurationFile` system property can be used to <enter> specify the configuration file to use. <enter>  <enter> Spring Boot has an abstraction on top of that. A user can define the <enter> `logging.path` property regardless of the logging infrastructure it is <enter> using. <enter>  <enter> Users following the logback documentation can be confused at first so <enter> we're not logging a warning when we found out that the logback specific <enter> property has been specified. <enter>  <enter> Closes gh-2382,2015-10-19T12:37:12Z,2,25,0
18179,5,0,https://github.com/spring-projects/spring-boot/commit/715cf7da7564daaa8c349d34bd826b27ad71b183,"Do not enable cglib if spring.aop.proxy-target-class is configured <enter>  <enter> This commit makes sure to honour the `spring.aop.proxy-target-class` <enter> property if set by the user. Previously, the <enter> `PersistenceExceptionTranslationPostProcessor` was always configured to <enter> use cglib, regardless of the value of that property. <enter>  <enter> Closes gh-8887",2017-04-12T08:55:43Z,2,38,0
18373,5,0,https://github.com/spring-projects/spring-boot/commit/e79ef9b73baca23e11db3c60fd3af2ca3a3dfb70,Add option to exclude devtools from fat jar <enter>  <enter> Add an `excludeDevtools` property to both the Maven and Gradle plugin <enter> that removes `org.springframework.boot:spring-boot-devtools` (if <enter> necessary) when repackaging the application. <enter>  <enter> Closes gh-3171,2015-10-13T14:59:35Z,6,131,0
19512,5,0,https://github.com/spring-projects/spring-boot/commit/d33c0ebf8f8f52fb6fb82d615cec50a10627d267,Fix data type of telnet and ssh ports <enter>  <enter> Define shell.ssh.port and shell.telnet.port as integer properties <enter> so that the generated meta-data exposes the proper type. <enter>  <enter> Fixes gh-2076,2014-12-07T09:46:12Z,1,16,0
21924,5,2,https://github.com/spring-projects/spring-boot/commit/4b641ca21173a59efca41d025adc4133db36ff8c,Polish <enter>  <enter> Closes gh-7561,2016-12-29T09:07:23Z,6,20,0
22489,5,2,https://github.com/spring-projects/spring-boot/commit/cb7de2a9636005103436ee3343afda1fed853cc4,Allow binding number to DataSize <enter>  <enter> Closes gh-14294,2018-09-04T09:04:22Z,3,138,0
22696,5,0,https://github.com/spring-projects/spring-boot/commit/3c46b9e83de45f262f77fe6a59e3d04efff17c02,Polish 'Add configuration property for Spring Kafka's missingTopicsFatal' <enter>  <enter> Closes gh-16740,2019-05-20T12:45:59Z,3,25,0
22762,5,0,https://github.com/spring-projects/spring-boot/commit/6f59dd6b175a604c612c8b0eae6d94908cf98613,Polish 'Update documentation to reference webjars-locator-core' <enter>  <enter> Closes gh-12135,2018-02-20T15:37:34Z,1,5,0
22967,5,1,https://github.com/spring-projects/spring-boot/commit/202ed7b72b76c62633621c658411c285c9c3aa30,Polish,2018-02-19T15:20:56Z,1,42,0
25502,5,2,https://github.com/spring-projects/spring-boot/commit/6bc4df569095548718caf835d2c7568bc456b28c,Fix meta-data for spring.devtools.remote <enter>  <enter> See gh-3086,2015-06-09T12:01:56Z,1,3,0
27580,5,0,https://github.com/spring-projects/spring-boot/commit/26158c1ee2f169305d2f4045b7cd7d02fd051ace,Add default order for JobLauncherCommandLineRunner <enter>  <enter> Closes gh-2943,2017-11-10T15:06:39Z,1,23,0
29214,5,0,https://github.com/spring-projects/spring-boot/commit/540dca7bdde387f17563111bbe24a6519eba6396,"Revisit InfluxDB configuration structure <enter>  <enter> This commit removes the `client` namespace for InfluxDB as the <enter> component that is created is `InfluxDB`, not `InfluxDBClient` or <enter> something. <enter>  <enter> This aligns with all the other url/user/password properties Spring <enter> Boot provides already <enter>  <enter> See gh-9066",2017-06-05T09:00:14Z,3,103,0
29246,5,0,https://github.com/spring-projects/spring-boot/commit/eaa34874e8890d1c96c9a98954cb5fc46322709b,Polish 'Allow customization of MongoClientSettings.Builder' <enter>  <enter> Closes gh-9341,2017-05-31T13:45:51Z,4,68,0
29533,5,2,https://github.com/spring-projects/spring-boot/commit/50b3b3025a60b9b96aca2d93d18f855624063b2e,Fix broken build,2017-04-24T10:19:30Z,1,2,0
9399,5,0,https://github.com/spring-projects/spring-boot/commit/84a12c843603605364b710b38e97e680b2224f01,Upgrade to Testcontainers 1.14.3 <enter>  <enter> Closes gh-23122,2020-08-28T10:57:32Z,1,29,0
9865,5,0,https://github.com/spring-projects/spring-boot/commit/4e79bb1cff2a938cea99323c0d7122ec9edfcfd7,Disable bean method proxying in SpringBootJdbcConfiguration <enter>  <enter> Closes gh-22231,2020-07-07T10:51:07Z,1,4,0
10984,5,0,https://github.com/spring-projects/spring-boot/commit/56ded38f5d6b6cc1d3e7a6bd6d131a7dac33b0c9,Generate default values from Duration and Period .ZERO <enter>  <enter> Closes gh-23082,2020-08-25T14:46:50Z,3,8,0
11430,5,2,https://github.com/spring-projects/spring-boot/commit/a37c170376156f1cd94e6c15d0d253201ca7a491,Try to make CouchbaseAutoConfigurationIntegrationTests less flakey <enter>  <enter> Closes gh-19932,2020-01-30T14:59:10Z,1,17,0
11458,5,0,https://github.com/spring-projects/spring-boot/commit/4933b2688fd2114c75f8f4835d9f27bbd08165c9,Align with changes in latest Integration snapshots <enter>  <enter> See gh-22729,2020-08-07T19:11:01Z,2,10,0
11916,5,0,https://github.com/spring-projects/spring-boot/commit/85c0b44dcbbe4d201f8b7fd72a97c31c2d07a3ec,"Test that LaunchedURLClassLoader works when thread is interrupted <enter>  <enter> Previously, RandomAccessDataFile used a semaphore and acquired it <enter> interruptibly. This meant that an interrupted thread was unable to <enter> access the file. Notably, this would prevent LaunchedURLClassLoader from <enter> loading classes or resources on an interrupted thread. <enter>  <enter> The previous commit (937f857) updates RandomAccessDataFile to acquire <enter> the semaphore uninterruptibly. This commit adds a test to <enter> LaunchedURLClassLoader to verify that it can now load a resource from <enter> an interrupted thread. <enter>  <enter> Closes gh-6683",2016-08-18T11:03:05Z,1,22,0
12327,5,0,https://github.com/spring-projects/spring-boot/commit/6c8f8c9d827a5340f9e6493c14d8c252d1f0d52a,"Better diagnotics when ESCF subclass breaks with custom management port <enter>  <enter> When a custom management.port is used, the child context is configured <enter> with an EmbeddedServletContainerFactory bean that has the same class <enter> as the parent contextâ€™s EmbeddedServletContainerFactory bean. This <enter> ensures that the child context uses the same type of embedded container <enter> as its parent when there are multiple embedded containers on the <enter> classpath. It also causes a failure when the custom <enter> EmbeddedServletContainerFactory subclass cannot be instantiated, for <enter> example because itâ€™s an anonymous inner-class. <enter>  <enter> This commit improves the diagnostics so that we fail fast with an <enter> information exception message when we detect that the embedded servlet <enter> container factory beanâ€™s class cannot be instantiated. <enter>  <enter> Closes gh-6193",2016-06-21T14:03:10Z,1,26,0
12712,5,0,https://github.com/spring-projects/spring-boot/commit/6dc14af92dbfa7b5281072d9fdde241ce0da3679,"Update view of bean types when an override is detected <enter>  <enter> Previously, when a bean was overridden and its type changes, <enter> BeanTypeRegistry could be left with a stale view of the bean's type. <enter> This would lead to incorrect bean condition evaluation as conditions <enter> would match or not match based on the bean's old type. <enter>  <enter> This commit updates the type registry to refresh its view of a bean's <enter> type when its definition changes. <enter>  <enter> Closes gh-13588",2018-07-09T15:22:06Z,2,92,0
12834,5,0,https://github.com/spring-projects/spring-boot/commit/8a0f0354dfed2fc6d4cb1b046ec03fe5b7ff1146,"Disable Log4J2's shutdown hook by default <enter>  <enter> Log4J2 enables its shutdown hook by default. When the JVM is exiting, <enter> this creates a race between logging that happens during the <enter> application context being closed and Log4J2 being shut down such that <enter> the logging is lost. <enter>  <enter> This commit updates SpringBootConfigurationFactory so that it <enter> produces a custom sub-class of DefaultConfiguration that disables the <enter> shutdown hook by default. In addition to solving the problem described <enter> above, this also aligns the Log4J2 logging system with the <enter> logging.register-shutdown-hook property which defaults to false. <enter>  <enter> Closes gh-11360",2018-06-21T10:18:08Z,2,74,1
13059,5,1,https://github.com/spring-projects/spring-boot/commit/83a6f02ec483f5f1f371a471466f3e40c47b4e0c,Polish,2018-05-12T08:53:33Z,1,5,0
13419,5,0,https://github.com/spring-projects/spring-boot/commit/1735fac3ab576be5a05439ac1cfe9227a84269fe,Upgrade to Logback 1.1.5 <enter>  <enter> Closes gh-5212,2016-02-24T16:24:10Z,1,3,0
14233,5,0,https://github.com/spring-projects/spring-boot/commit/c9427191ee7e6175493b6557e2f604213ce8342c,Set TCCL before initialising test class in FilteredClassPathRunner <enter>  <enter> Closes gh-7435,2016-11-21T10:40:34Z,1,73,0
14243,5,0,https://github.com/spring-projects/spring-boot/commit/c4f756daee43f89e0ba832ceac17bac216fc899b,"Fix MavenSettingsâ€?handling of profiles activated by a file <enter>  <enter> Previously, MavenSettings used a FileProfileActivator with no <enter> PathTransformer. If a settings.xml file contains a file-activated <enter> profile this would result in an NPE within Maven. This was made worse <enter> by the NPE not being included in the resulting failure message which <enter> hampered diagnosis of the problem. <enter>  <enter> This commit updates MavenSettings to configure its FileProfileActivator <enter> with a PathTransformer. It also improves the failure message thatâ€™s <enter> created from any problems that are reported by Maven while determining <enter> the active profiles to include a problemâ€™s exception if it has one. <enter>  <enter> Closes gh-4826",2016-01-18T13:18:03Z,1,61,1
14585,5,0,https://github.com/spring-projects/spring-boot/commit/d8cead5457fad85bfba6de6f7e571603009184ea,Use accessor for in-progress async count added in Tomcat 9.0.33 <enter>  <enter> Closes gh-20440,2020-04-01T10:16:54Z,1,9,0
14837,5,0,https://github.com/spring-projects/spring-boot/commit/a491727b7c9610bf1ea86d30ce3b7ffefe5f3a60,Avoid creating unnecessary garbage during URL normalization <enter>  <enter> Closes gh-11207,2017-11-29T20:33:02Z,1,11,0
15255,5,0,https://github.com/spring-projects/spring-boot/commit/ebcc53a9b746b8c9420361fecd1770e3cdcef134,Include tasks with custom triggers in scheduledtasks endpoint output <enter>  <enter> Closes gh-15815,2019-02-05T12:12:07Z,3,125,0
15369,5,0,https://github.com/spring-projects/spring-boot/commit/d08c84af421e3fc1ed1020dfe561a65d6d8e8801,Ensure that JtaAutoConfiguration runs before ArtemisAutoConfiguration <enter>  <enter> Closes gh-7062,2016-09-29T14:08:24Z,1,5,0
16381,5,0,https://github.com/spring-projects/spring-boot/commit/3a887151e6f9f67062ed8f2a7d3f593a1ee2cff9,Remove use of regular expressions in Spring profile-based doc matching <enter>  <enter> Closes gh-1309,2016-08-31T15:08:43Z,3,87,0
16825,5,1,https://github.com/spring-projects/spring-boot/commit/e16c9d4e7681965598ee5a3277900b8449b4a615,Polishing,2016-08-18T10:44:43Z,1,6,0
16909,5,0,https://github.com/spring-projects/spring-boot/commit/6d78066a3a20a2b8639a97904b43deb6add9ade2,Ensure that AWTError from image banner does not prevent app starting <enter>  <enter> Closes gh-6617,2016-08-16T14:02:11Z,1,5,0
17585,5,0,https://github.com/spring-projects/spring-boot/commit/11b7fd832d15856244bcaf3b1ec031e9eb1b6dc6,"Report non-matching outer class conditions <enter>  <enter> Update ConditionEvaluationReport so that, whenever a negative outcome <enter> is added for a source, any existing outcomes for inner classes of that <enter> source are updated with a non-matching outcome that indicates that the <enter> outer configuration did not match. <enter>  <enter> Conditions are evaluated in two phases; PARSE_CONFIGURATION first and <enter> REGISTER_BEAN second. If a parent classâ€™s conditions match in <enter> PARSE_CONFIGURATION then its inner classes will have their <enter> PARSE_CONFIGURATION conditions evaluated. If they all match, the inner <enter> class will be reported as a positive match in the auto-configuration <enter> report even if the outer class does not match as a result of the <enter> subsequent evaluation of a REGISTER_BEAN condition. <enter>  <enter> Fixes gh-2122",2015-01-14T18:04:58Z,2,149,0
17632,5,0,https://github.com/spring-projects/spring-boot/commit/b39ecdf0060189367e396f0dcc455760006f2659,Rename preferred-mapper property so its clear it only applies to JSON <enter>  <enter> preferred-mapper has been renamed to preferred-json-mapper to make it <enter> clear that it only affects the JSON mapper and that the XML mapper <enter> that will be used (if any) is unaffected <enter>  <enter> See gh-2247,2015-02-05T10:59:43Z,2,4,0
19009,5,2,https://github.com/spring-projects/spring-boot/commit/6c504a5098735239552db4c757815816d9ffe9cb,Fix deprecation warnings in Testcontainers wait strategies <enter>  <enter> See gh-12821,2018-04-24T09:24:43Z,2,40,0
20009,5,0,https://github.com/spring-projects/spring-boot/commit/c3e447c84c8a3d46ef300184787d3c6be8b792fc,"Order char encoding filter so it sets encoding before request is read <enter>  <enter> For the character encoding filter to work, it's vital that it sets <enter> the request's encoding before any other filters attempt to read the <enter> request. This commit updates the order of <enter> OrderedCharacterEncodingFilter to be HIGHEST_PRECEDENCE and improves <enter> the existing test to check that the ordering is as required. <enter>  <enter> Closes gh-3912",2015-09-21T14:32:53Z,2,14,0
20960,5,1,https://github.com/spring-projects/spring-boot/commit/9b184e3955d490ccd0181e6917520b8dc100afd4,Polishing,2017-01-13T23:47:43Z,1,2,1
21318,5,0,https://github.com/spring-projects/spring-boot/commit/d7499387d8e22d52d8e84cf615416b9a1e9c23a7,Polish 'Improve docs on custom metrics' <enter>  <enter> Closes gh-12324,2018-03-05T10:54:19Z,1,59,0
21842,5,1,https://github.com/spring-projects/spring-boot/commit/dc36360155c2af9efc56d2d81133f5fcc37c5903,Polish,2018-02-27T21:25:48Z,4,12,0
21907,5,0,https://github.com/spring-projects/spring-boot/commit/e69ec6bb09e93aa5d240cfdb826e93cebb91278e,"Log classpath once environment has been prepared <enter>  <enter> Previously, the classpath would be logged in response to the <enter> ApplicationStartedEvent. At this point, logging could be disabled <enter> while the logging system is being initialized, or because the <enter> log levels configured in the environment have not yet been applied. <enter>  <enter> This commit moves the logging to happen in response to an <enter> ApplicationEnvironmentPreparedEvent by which point the logging <enter> system has been initialized and its levels have been configured. <enter>  <enter> Closes gh-5313",2016-04-19T15:20:35Z,1,13,0
22423,5,0,https://github.com/spring-projects/spring-boot/commit/261b3afca1a85916317378450d134204abdad48f,Apply spring.jackson.* config to Spring Data REST object mappers <enter>  <enter> Closes gh-1698,2014-10-15T15:53:16Z,2,51,0
22841,5,0,https://github.com/spring-projects/spring-boot/commit/e5a253e68951dcf975b9844b3b39afac2222b503,"Improve diagnostics when OnBeanCondition type deduction fails <enter>  <enter> When @ConditionalOnBean or @ConditionalOnMissingBean are used on a <enter> @Bean method, they will, in the absence of any other configuration, <enter> attempt to deduce the bean's type by examining the method's return <enter> type. This deduction can fail. See gh-4841, gh-4934, and gh-5624 <enter> for some examples of possible failure causes. Previously, this <enter> failure was only logged as a debug message leaving the user with a <enter> misleading message suggesting that the @ConditionalOnBean or <enter> @ConditionalOnMissingBean annotation was not configured correctly. <enter>  <enter> This commit improves the diagnostics by mention the possibility of <enter> type deduction in the exception message and including the exception <enter> that caused deduction to fail as the cause. <enter>  <enter> Closes gh-4934",2016-04-07T11:14:22Z,2,150,0
23273,5,0,https://github.com/spring-projects/spring-boot/commit/487f7310fdd2e77fb6908b475d26a478e762ff4b,Polish contribution,2016-04-05T10:00:44Z,2,8,0
25555,5,0,https://github.com/spring-projects/spring-boot/commit/3eb5c348fb93a416d5dcd0003d3273570a217589,"Align test with Spring MVC's internals once again <enter>  <enter> The internals have been updated so that the field that was originally <enter> used, interceptors, can be used again. <enter>  <enter> This reverts commit 2a1bca6806a696dadf7f470086e21d55f66ac953.",2015-05-20T09:47:56Z,1,2,1
25691,5,0,https://github.com/spring-projects/spring-boot/commit/e2cb7a75458d83c1358faf9e19194b9ab8fe0454,Align default scopes for Google with changes in Spring Security 5.0.1 <enter>  <enter> Closes gh-11573,2018-01-25T10:58:05Z,1,6,0
26702,5,0,https://github.com/spring-projects/spring-boot/commit/268b97bf9826ba817c1e87fbc48f0fb589528add,No-op ResetMocksTestExecutionListener when Mockito is not present <enter>  <enter> Closes gh-11508,2018-01-05T11:04:36Z,2,17,0
29434,5,0,https://github.com/spring-projects/spring-boot/commit/abdc23905fb1de44ff624acd765e889094649e23,Drop ignoreNestedProperties attribute from @ConfigurationProperties <enter>  <enter> Closes gh-8657,2017-05-03T12:19:32Z,5,92,0
29674,5,0,https://github.com/spring-projects/spring-boot/commit/a9a31107cfb9cbe07a1b9e069e27b60bd83c2dea,Align with API changes in latest Spring Data Kay snapshots <enter>  <enter> See gh-7461,2017-03-24T11:26:27Z,6,32,0
2513,2,0,https://github.com/apache/dubbo/commit/40d03b081e8a8f74fb5092163e51bdd17842cb5a,add @SPI annotation (#6436),2020-07-09T02:42:51Z,1,3,0
2518,2,2,https://github.com/apache/dubbo/commit/51361d535d11c6a4e201044fa4f859aa0676c861,fix ut,2020-07-01T07:59:44Z,1,2,0
2570,2,2,https://github.com/apache/dubbo/commit/dd8dacdc1766e8fd118404830e60d9d7eb32d5f6,Fix compilation (#6117),2020-05-08T04:54:51Z,1,15,0
2576,2,0,https://github.com/apache/dubbo/commit/2d0d71385d2cd26b97e07c699f84cd58b862cef9,DynamicConfiguration: return default value if not implemented. (#6086) <enter>  <enter> fixes #5916,2020-05-01T08:15:02Z,1,5,0
2595,2,0,https://github.com/apache/dubbo/commit/00cdc531600c7392ad91bd43f93aca2ef9ae54c5,revert computeIfAbsent for jdk related bug: (#6032) <enter>  <enter> https://bugs.openjdk.java.net/browse/JDK-8062841,2020-04-20T04:50:11Z,1,8,0
2634,2,0,https://github.com/apache/dubbo/commit/1b937ac1e46d45a6110bc22fd59ba29007a73bea,avoid potential shutdown race condition. (#5856),2020-03-13T06:17:32Z,3,67,0
2669,2,3,https://github.com/apache/dubbo/commit/5576991be387d00fa707655b0a0de0010b1f13a7,Revert '[Dubbo-5813]prevent destroyAll method of DubboShutdownHook being invoked twice when using Spring (#5814)' (#5818) <enter>  <enter> This reverts commit 5194791f130eb34d6ed75bc43ef731289a12148a.,2020-03-02T08:25:39Z,1,5,1
2721,2,0,https://github.com/apache/dubbo/commit/3bc4508d09756a40c85ddf0c62b94aaf5d957d58,"add comment for FutureAdapter, see #3979",2020-02-02T04:36:28Z,1,4,0
2797,2,0,https://github.com/apache/dubbo/commit/2f62b273ceb20772d0734da03c1fd12ad465fcd6,"protocols/protocolIds and registries/registryIds, make sure only one can work (#5497)",2019-12-18T03:08:08Z,3,17,0
2858,2,3,https://github.com/apache/dubbo/commit/efb8e304c77be92d1af4f90689cdab625fc15a99,add start status for gRPC server,2019-11-17T02:31:13Z,1,10,0
2860,2,0,https://github.com/apache/dubbo/commit/562bfcc16a3f63e9f207726b2b7f4981d6aa9df3,Add comments for gRPC implementations,2019-11-15T07:24:40Z,5,16,0
2891,2,2,https://github.com/apache/dubbo/commit/e826d0864b95a03a013f5c0d270d5c9bb3ca454d,to process a scenario when service type is not available and service invocation is not generic either <enter>  <enter> to process a scenario when service type is not available and service invocation is not generic either,2019-10-31T08:21:38Z,4,35,0
2917,2,3,https://github.com/apache/dubbo/commit/429616fb6d1f303c41f6552b0ec8316848947e91,copy invoker to new invocation in generic filter,2019-09-04T12:52:08Z,1,1,0
2922,2,2,https://github.com/apache/dubbo/commit/87547793e0530aabdf429218629def9001347252,fix parameters could be null. (#5205),2019-10-21T09:02:05Z,1,9,1
2972,2,0,https://github.com/apache/dubbo/commit/f6993ffd4e4c123cda6b1d164485c0dbb631a70d,revert #5072 by logging error msg. (#5084),2019-09-19T03:12:58Z,1,15,0
2995,2,0,https://github.com/apache/dubbo/commit/873432056b9a93d51bd678b501739d234e3869a6,Shorten the life cycle of Timeout to get a better gc effect (#4081),2019-05-17T06:12:13Z,1,16,0
3032,2,0,https://github.com/apache/dubbo/commit/f692c4ddfaa58a99d294c3be77246d0f99bf022e,Add 'getUniqueServiceKey' to keep backward compatibility.,2019-04-24T05:27:17Z,2,10,0
3033,2,3,https://github.com/apache/dubbo/commit/dbb2499d1f2e52f0ff84c1b37b71ef4bacbc439d,"Don't merge, disable routers",2019-06-12T09:09:49Z,1,77,0
3058,2,1,https://github.com/apache/dubbo/commit/d1a50ee1d7c080023ca0c255b76c96d5ee1ce696,test flush,2019-06-06T10:15:40Z,1,2,0
3076,2,3,https://github.com/apache/dubbo/commit/4cf629d96a520d7afea0ac15256e273ab3ca669a,generate urls directly for non-dubbo service instances.,2019-08-27T01:26:55Z,1,3,0
3090,2,3,https://github.com/apache/dubbo/commit/5cab5d36d4573bd47180e8ee27212031e1d8ec08,unify heartbeat stamp key,2019-06-04T10:09:48Z,1,7,0
3129,2,3,https://github.com/apache/dubbo/commit/8cf62479cafae5dd995b46988cbe35224e37f0e4,register applicationconfig,2019-08-21T07:14:52Z,1,2,0
3135,2,2,https://github.com/apache/dubbo/commit/f7b3e2e649562a78573ab0932e3d7fe444391626,fix conflicts after merged master,2019-08-21T07:10:09Z,3,28,0
3153,2,0,https://github.com/apache/dubbo/commit/5e6cbbe56820206b5d6a54eff8fdaaedab335840,check null for path before call rest server (#3665),2019-03-15T06:56:38Z,1,14,1
3200,2,0,https://github.com/apache/dubbo/commit/92cafe962d8fd3df034c16629954425f4640f343,register callback once for the full filter chain. (#4127),2019-05-24T06:49:25Z,2,94,0
3215,2,2,https://github.com/apache/dubbo/commit/18eb69e96475c05be9bb8b5d7a0c7bcdafa97405,Solve compile problem in java11 (#4172),2019-05-27T08:42:10Z,1,11,0
3233,2,3,https://github.com/apache/dubbo/commit/ca7d64173c6d63dd4cbd82ca208bdb036a0e167e,temporarily ignore UT RegistryDataConfigTest,2018-12-27T13:05:55Z,1,5,0
3274,2,3,https://github.com/apache/dubbo/commit/bdaacbc17d8f189c4ebbb34129883e1d0552dfcf,spring delegate to bootstrap.,2019-08-09T07:31:07Z,5,198,0
3304,2,0,https://github.com/apache/dubbo/commit/c18b1cfb465181b0a446eb37cb12e5a4eab1d617,Revert code to avoid NPE in RPC wire after providers are cleared.,2018-12-27T07:41:02Z,2,47,0
3318,2,3,https://github.com/apache/dubbo/commit/c4e9b9de2dd96b2cc13816b08662f1235463070e,revert router from layered path to flat path: <enter> /router/condition -> router-codition,2019-01-09T06:00:49Z,5,34,0
3354,2,2,https://github.com/apache/dubbo/commit/a66784ae12123dbc706e63452fbde74763fc848a,fix UT,2019-01-07T13:10:27Z,7,99,0
3409,2,0,https://github.com/apache/dubbo/commit/9897aa3d7273e3eb96910cfdc09709a77cae50b0,"remove appConfigs cache to support one service/reference registered more than one time (if users don't explicitly add id, cache can not work properly)",2018-12-24T06:49:22Z,2,53,0
3412,2,2,https://github.com/apache/dubbo/commit/8f7b0c35938f12db8b075db87f9eeefb26c951d2,"Fixes #3367, fail to parse config text with white space (#3589)",2019-03-04T16:40:14Z,1,3,1
3417,2,3,https://github.com/apache/dubbo/commit/96dffe353ef3c9cdf938bf81d38fd9f19cd17f1a,set all router rule enabled by default,2018-12-24T06:47:51Z,1,4,0
3479,2,3,https://github.com/apache/dubbo/commit/c509f1b1fe7cf0327174022594c2afce16e6d84c,Check config instance in ConfigManager before create a new one.,2019-01-03T05:30:28Z,6,138,0
3523,2,3,https://github.com/apache/dubbo/commit/5b1b14de1ba3cd86f6494fb12d51085b264b3ec3,set reg status to true after reExport,2018-12-18T11:55:20Z,2,14,0
3544,2,0,https://github.com/apache/dubbo/commit/b5408b752631644d5934971f4ba11d165c776536,support handle of exception from onResponse or onError (#4401) <enter>  <enter> fix #4401,2019-06-28T07:39:56Z,2,30,1
3560,2,0,https://github.com/apache/dubbo/commit/27789cef6b3bf04ffa60140a4fdd3eaaf0358214,duplicate decrease for ExecuteLimitFilter onError (#4380),2019-06-27T03:14:13Z,3,34,0
3606,2,2,https://github.com/apache/dubbo/commit/7473662275afe8003a8208c1526bc662a2a8ac9d,app level override rule should only generate one url,2018-12-03T11:15:11Z,6,170,0
3627,2,2,https://github.com/apache/dubbo/commit/14d1f97ae80a35fe65d9fced488a1fd8bac4f822,optimize dynamic configuration api,2018-11-29T09:05:05Z,3,28,0
3652,2,2,https://github.com/apache/dubbo/commit/23f0e52486e21ff8af15820fb9274ce93570b86c,fix NPE when no listeners registered for key,2018-11-29T05:05:21Z,1,10,0
3722,2,0,https://github.com/apache/dubbo/commit/6140bc2a653cc3066d15ceeff5a3f06962fb32ad,"Fix concurrent problem of zookeeper configcenter, wait to start until cache being fully populated.",2018-11-21T06:40:03Z,3,24,0
3726,2,2,https://github.com/apache/dubbo/commit/9f02b97ee00b80ffdb501d8fd48c794e88388d32,Fix configurator bug,2018-11-21T06:38:40Z,1,22,0
3777,2,3,https://github.com/apache/dubbo/commit/453e323b4b955505b9c3ef10340f55ab8a3ca4a0,ignore parameter(exclude=true).,2018-11-15T09:58:54Z,1,4,0
3781,2,3,https://github.com/apache/dubbo/commit/a3f9a541c5752d449b38f360b1bcb6ae0876cd37,change log level to info,2018-11-15T09:35:50Z,1,2,0
3790,2,3,https://github.com/apache/dubbo/commit/5f0d8c8b370404e179852b8b7c49880b2fc3ed51,change how DynamicConfiguration instance is fetched.,2018-11-15T06:54:07Z,4,46,0
3812,2,2,https://github.com/apache/dubbo/commit/bdfc5007fa5cad80d22b5c0422e55c1fcb745dc4,Fix NPE in TagRouter,2018-11-13T06:04:42Z,1,2,0
3827,2,3,https://github.com/apache/dubbo/commit/e2f664f003a74a476aacc6424e34f6303e143dbe,record init status.,2018-11-12T07:24:17Z,1,8,0
3840,2,0,https://github.com/apache/dubbo/commit/4097405882e2d04b206a992ef685f8a312224a19,Add spring annotation support for ConfigCenter.,2018-11-06T06:22:07Z,4,16,0
3970,2,0,https://github.com/apache/dubbo/commit/3747cc36fada387a52363fc7dfc97a4c6c2b2670,Remove useless config item in xsd,2018-09-11T09:26:17Z,1,15,0
3976,2,3,https://github.com/apache/dubbo/commit/514fd4e647b804315a5afa1c14414103f2281e4b,Support static tag group in TagRouter,2018-09-11T08:17:04Z,1,37,0
3990,2,2,https://github.com/apache/dubbo/commit/7edb71c06ee2208d0772331ad010b3147279d99d,Fix compilation problem,2018-09-10T06:35:53Z,1,15,1
4031,2,0,https://github.com/apache/dubbo/commit/6f70f03f35643910f1d214a180573bee511e3368,Remove duplicate ut classes,2018-09-07T08:33:35Z,2,108,0
4081,2,2,https://github.com/apache/dubbo/commit/692dbdf82ecc6f81ee0d15816276bf8184d0bd3f,Solve merge conflicts manually,2018-08-27T04:36:20Z,1,19,1
4241,2,3,https://github.com/apache/dubbo/commit/a8aba7c71f49beaa3865e63c592c3509eed82e67,"Polish, remove call of deprecated method",2018-03-12T09:51:27Z,1,30,0
4257,2,0,https://github.com/apache/dubbo/commit/635bc7983287d47d1d2c637a85fe21aabacdcd27,Remove the shutdown logic from spring bean destroy to avoid competition.,2018-01-24T09:57:22Z,4,110,0
4269,2,0,https://github.com/apache/dubbo/commit/552965ee26ee307af47b7122c6b18195b4e435e0,Fixed #1138 check serialization in case it's changed from network.,2018-01-23T06:33:00Z,1,16,1
4360,2,1,https://github.com/apache/dubbo/commit/75ed5f539ec321292a2ea23de89c72fc50336422,Delete OptimizedSerialization,2018-01-04T07:11:44Z,3,32,0
4385,2,3,https://github.com/apache/dubbo/commit/05461a4d6ec6e8789eb8d3beeaa78b3b8768a53e,Upgrade annotation demo,2017-12-12T12:14:10Z,2,113,0
4393,2,2,https://github.com/apache/dubbo/commit/3c6ee32e2a461fd154510a49edd2e8471fed12a4,"Fixed #946, route rule should always run when changed, but should only run at every invoke when RUNTIME_KEY is true.",2017-12-04T07:06:20Z,2,4,0
4400,2,0,https://github.com/apache/dubbo/commit/22385dc804d550ea9f415bc9f96c2d6d10139e92,Fixed typo in NamedThreadFactory: mDeamo,2017-11-29T10:13:43Z,1,8,0
4410,2,3,https://github.com/apache/dubbo/commit/ee2aaf3ad323b7060760a70160b9299fe9820b28,Ignore unit test CuratorZookeeperClientTest(no zk server),2017-10-29T05:16:09Z,1,2,0
4435,2,0,https://github.com/apache/dubbo/commit/49af203aa20667a0568a19566c1e9892166435ae,Fixed #520 change Main.class wait/notify to lock/condition,2017-09-26T11:01:35Z,1,28,0
5056,3,2,https://github.com/square/retrofit/commit/903e1601d28fdb32756deb842214c1d414be4986,Sample for a dynamic base URL.,2016-03-07T03:47:40Z,1,86,0
5116,3,3,https://github.com/square/retrofit/commit/af375bd4ac8892a23cb132cbb982b41be3af8b9f,Use Call.Factory in RequestBuilderTest.,2016-01-01T20:18:35Z,1,12,0
6094,4,3,https://github.com/square/okhttp/commit/08e23fcd02ccbd453b2037128b66f57bc7c8f1d2,Add a canceled event to EventListener,2020-02-16T23:20:49Z,3,88,0
6097,4,0,https://github.com/square/okhttp/commit/5ba145aa6c737878281c3fc655657002320b71c0,"Limit recovery attempts for REFUSED_STREAM errors <enter>  <enter> We limit per-connection retries but not per-call retries, so this was <enter> creating large numbers of connections each of which called the server <enter> and accepted yet another REFUSED_STREAM. <enter>  <enter> Instead we fail sooner with a StreamResetException. <enter>  <enter> This shows that the ExchangeFinder interface is still somewhat inadequate <enter> to support all of the use cases we have.",2020-02-16T14:22:06Z,2,123,0
6169,4,0,https://github.com/square/okhttp/commit/96e596117e25d108bf9b96ad2899d3610f9915a0,Use our test rule instead of the Maven Surefire listener <enter>  <enter> Closes: https://github.com/square/okhttp/issues/4894,2019-12-20T18:45:37Z,1,158,0
6326,4,3,https://github.com/square/okhttp/commit/53e0f9e7fb39f7babd6388a7a56e9c7e827667e7,Adopt idiomatic Kotlin in Headers,2019-05-16T02:40:17Z,1,182,1
6329,4,0,https://github.com/square/okhttp/commit/5fbf7cccd19c6f144a59cc2487e8a93636ecac0c,Cancel calls on unexpected exceptions <enter>  <enter> Closes: https://github.com/square/okhttp/issues/5151,2019-09-14T17:45:38Z,1,25,0
6367,4,2,https://github.com/square/okhttp/commit/a1265b6140a8fe336602b969960d4048ebd1d3da,Fix a regression in combining cache headers <enter>  <enter> This was introduced with our migration to Kotlin. Iterating over the indices <enter> of the header names doesn't work because header names are not distinct. <enter>  <enter> Closes: https://github.com/square/okhttp/issues/5413,2019-09-05T03:58:55Z,1,32,1
6691,4,0,https://github.com/square/okhttp/commit/c8b1ee602bcd1541dd3f9eebb72aef08338f6224,Support follow-ups for duplex requests. <enter>  <enter> https://github.com/square/okhttp/issues/4267,2019-02-23T16:01:29Z,6,179,0
6714,4,0,https://github.com/square/okhttp/commit/94c38da706a99f2be825c67718c150b58eb08928,Permit multipart filenames to contain non-ascii characters <enter>  <enter> Closes: https://github.com/square/okhttp/issues/4564,2019-02-02T17:55:32Z,7,45,0
6756,4,0,https://github.com/square/okhttp/commit/0685dfaa7ff71a8f16b1b71f417b08eff13ec55f,Move TLSv1 and TLSv1.1 to COMPATIBLE_TLS. <enter>  <enter> We no longer connect to TLSv1.0 or TLSv1.1 servers out-of-the-box; instead <enter> it is necessary to enable COMPATIBLE_TLS in the OkHttpClient configuration. <enter>  <enter> This is in the path to later removing these TLS versions completely; that <enter> is scheduled for March 2020 by some browsers. <enter>  <enter> https://github.com/square/okhttp/issues/4319,2018-12-30T05:13:25Z,2,46,0
6759,4,0,https://github.com/square/okhttp/commit/8c2a4cfffacc9bb8272182d327b05488a1810c80,Don't crash on IPv4-mapped IPv6 addresses <enter>  <enter> https://github.com/square/okhttp/issues/4451,2018-12-29T23:32:07Z,3,12,0
6905,4,0,https://github.com/square/okhttp/commit/db2ae92156242255a0d42caaf50c7801e79de917,Fixup HeldCertificate so that it's worthy of production use. <enter>  <enter> This changes the default from the insecure 1024-bit RSA to a secure 256-bit ECDSA <enter> key. It adds a new option to use RSA keys for interoperating with older clients.,2018-07-11T02:49:00Z,5,113,0
6937,4,0,https://github.com/square/okhttp/commit/ea014716fd2a8712ee39888725f91bed43148cd3,"Remove CBC-mode ECDSA cipher suites <enter>  <enter> This removes the following cipher suites as supported-by-default: <enter>   TLS_ECDHE_ECDSA_WITH_AES_128_CBC_SHA <enter>   TLS_ECDHE_ECDSA_WITH_AES_256_CBC_SHA <enter>  <enter> This tracks a similar change in Chromium 56: <enter>   https://developers.google.com/web/updates/2016/12/chrome-56-deprecations#remove_cbc-mode_ecdsa_ciphers_in_tls <enter>  <enter> OkHttp's updated cipher suites, plus comparisons to Android, Java, <enter> Chromium, Firefox, and Square's server-site configuration is here: <enter>   https://tinyurl.com/okhttp-cipher-suites <enter>  <enter> Closes: https://github.com/square/okhttp/issues/3035",2018-02-19T19:35:36Z,1,2,0
7073,4,0,https://github.com/square/okhttp/commit/e5c84e1aef9572adb493197c1b6c4e882aca085b,Update changelog for OkHttp 3.8.,2017-05-13T12:04:14Z,2,65,0
7076,4,3,https://github.com/square/okhttp/commit/29d56966c1ba932920b278467bb3d61f49709da9,Forbid null for a response's message. <enter>  <enter> This was only ever null in test code. Everything that parses responses from <enter> the network gets a non-null value. The message may be empty.,2017-05-06T15:55:33Z,3,5,0
7098,4,0,https://github.com/square/okhttp/commit/6651a9c15e06e8d1829aa00f970998be2f33b225,Change MediaType's failure mode to not crash on charset problems. <enter>  <enter> As-is it throws unchecked exceptions on unexpected charsets. This is a problem <enter> because it can cause a misbehaving webserver to crash the client. <enter>  <enter> I don't expect this to break existing clients; returning 'null' has always <enter> been a possibility; it's just returned in more cases.,2017-01-29T18:02:08Z,4,70,0
7102,4,0,https://github.com/square/okhttp/commit/c9496d350c0c3bb4b9d9571c3ab97181726561e2,Invalidate the cache even if the response has no body. <enter>  <enter> Closes: https://github.com/square/okhttp/issues/3203,2017-04-15T17:08:46Z,4,87,0
7120,4,0,https://github.com/square/okhttp/commit/8864c5d687df432021a4409aad4e0448ed030c5a,Permit network interceptors to rewrite the host header. <enter>  <enter> This makes it possible to do domain fronting. <enter>  <enter> Closes https://github.com/square/okhttp/issues/3103,2017-01-16T01:42:17Z,3,32,0
7137,4,0,https://github.com/square/okhttp/commit/ca76167504d5323f2a8c1011402907b9a755585c,Make the crawler a little better. <enter>  <enter> Name threads by their URLs. Don't follow all fragments of the same URL.,2017-01-07T20:07:46Z,1,8,0
7158,4,3,https://github.com/square/okhttp/commit/ef6e605fafe8bd65045b42ae0decd5f91c3ec6c6,Change HttpURL.redact() to return a String.,2016-12-01T03:45:58Z,4,30,0
7160,4,0,https://github.com/square/okhttp/commit/5d43df973ae841ca05a63580c6a225ff251c410b,Fix an invalid HTML entity in the SlackApi Javadoc. <enter>  <enter> And-per-se-and,2016-12-01T15:52:06Z,1,2,0
7235,4,0,https://github.com/square/okhttp/commit/fd509b937c4a5438fe02ddf06ade5ad56736af5d,Inject a leading . for better matching under JavaNetCookieJar <enter>  <enter> Closes: https://github.com/square/okhttp/issues/2549,2016-07-13T03:22:49Z,3,70,0
7237,4,0,https://github.com/square/okhttp/commit/bf40d52edbb88d5afaa35af24837e3b72ac84eab,Fix a test to not require a fallback IP address. <enter>  <enter> This might be an unexpected upside of the migration to the Call API. <enter>  <enter> Closes: https://github.com/square/okhttp/issues/2178,2016-07-12T02:32:51Z,1,3,0
7266,4,2,https://github.com/square/okhttp/commit/5b8c043329b181d6d762d6192f3ded8abd84852e,"Fix tests to share a common Dispatcher. <enter>  <enter> Also fix the memory limit, which may prevent Travis from failing <enter> our tests.",2016-06-25T23:44:33Z,2,30,0
7552,4,0,https://github.com/square/okhttp/commit/cc216c6f731f4f08ac29e5619943f502c50bfafd,Add Call.isExecuted(). <enter>  <enter> Might be useful to expose this bookkeeping to app developers.,2015-11-22T16:11:50Z,1,8,0
7557,4,0,https://github.com/square/okhttp/commit/e36d7ecc26be18021da3555fc8b14381df7af34d,"Fix flakiness in CallTest.cancelTagImmediatelyAfterEnqueue() <enter>  <enter> There's a race where the HTTP engine has been created, but not yet connected <enter> and the cancel isn't as immediate as it could be. Fix the test by making sure <enter> there's a response to be retrieved. <enter>  <enter> With the upcoming connection pool changes we might make the implementation <enter> more robust. <enter>  <enter> Closes: https://github.com/square/okhttp/issues/2001",2015-11-19T03:59:24Z,1,2,0
7585,4,0,https://github.com/square/okhttp/commit/868ee844458eda9ee7b1b6f9a5238b7c3f84c0e4,"Drop our one remaining DSS cipher suite. <enter>  <enter> Tracking Chrome and Firefox, which have also dropped this cipher suite. <enter>  <enter> This is the only cipher suite change since the last update. See our cipher <enter> suites spreadsheet for a comparison: https://goo.gl/dWXbi0 <enter>  <enter> Closes https://github.com/square/okhttp/issues/1476",2015-11-05T06:06:10Z,1,3,0
7596,4,0,https://github.com/square/okhttp/commit/41bee9b70dfbe182697e32d2a8ad1f4b2885af02,More interceptor tests. <enter>  <enter> Test interactions with the response cache and HttpURLConnection.,2014-12-23T05:24:15Z,2,58,0
7605,4,3,https://github.com/square/okhttp/commit/e4dd6cfd63b251fba7a37e773f91c6bb4150b6bf,Handle null fragments.,2015-10-31T00:32:20Z,2,30,0
7638,4,3,https://github.com/square/okhttp/commit/a4a79586d8aec87344ef81c0a46fcb3c8b61ce88,Permit release candidates in version numbers.,2014-11-05T05:30:05Z,1,2,0
7717,4,0,https://github.com/square/okhttp/commit/112f020c411c9d14f34e480b98325777b25a7434,Change the cache to have non-shared semantics. <enter>  <enter> This means we'll cache responses that use an 'Authorization' header. This <enter> means OkHttp's cache shouldn't be used on middleboxes that sit between <enter> user agents and the origin server; in practice this is never a use case <enter> for OkHttp. <enter>  <enter> Fixes https://github.com/square/okhttp/issues/1035,2014-11-01T15:53:05Z,4,109,0
7729,4,0,https://github.com/square/okhttp/commit/8d4230b78d283924842edbe963b10cfb43737338,Don't append to a truncated line in the journal. <enter>  <enter> Fixes https://github.com/square/okhttp/issues/1099,2014-10-24T03:39:42Z,1,8,0
7751,4,0,https://github.com/square/okhttp/commit/3bee7aca20ddde7137c874ab918d2dc603d3026e,Test that conditional misses update the cache. <enter>  <enter> Closes https://github.com/square/okhttp/issues/1712,2015-06-20T14:49:38Z,1,35,0
7797,4,2,https://github.com/square/okhttp/commit/8fe27a50c2c88d382e6dc6600836bcc57fc7b0cf,Crash on unexpected RuntimeExceptions. <enter>  <enter> Currently we're sweeping these under the rug.,2015-05-17T22:05:37Z,2,9,0
7840,4,3,https://github.com/square/okhttp/commit/1ba78fa29d1c0667bf7fb5efac2a9898d1d98b43,Some POST samples.,2014-05-31T14:01:19Z,1,101,0
7854,4,0,https://github.com/square/okhttp/commit/2ec2027fc00e24a83cd7bb7fef8b11e7c751bc13,Add missing copyright headers. <enter>  <enter> https://github.com/square/okhttp/issues/880,2014-05-31T01:05:57Z,3,45,0
7878,4,3,https://github.com/square/okhttp/commit/770a1f954dfbd1b956ffceaf67c38f10a4de4401,Small cleanups. <enter>  <enter> Return the OkHttpClient on setters. <enter> Remove some completed TODOs in Call. <enter> Link to Okio in Javadoc.,2014-04-27T16:40:58Z,2,18,0
7962,4,0,https://github.com/square/okhttp/commit/d017be5b0042d2142d9b541c1403aa393c2c7fdd,Test differences between user and network responses for gzip.,2014-05-19T13:50:33Z,2,42,0
7964,4,2,https://github.com/square/okhttp/commit/5b6f64a46220911466350202ae974f167497225a,Fix HTTP post retransmit in the new API. <enter>  <enter> We don't buffer response bodies in the new API. But we should retransmit <enter> POST bodies when a request fails.,2014-04-23T04:55:58Z,7,131,0
7970,4,0,https://github.com/square/okhttp/commit/2e07d308d2189e9ffef4fa958fa20f467ffdcfe5,"Custom trust recipe. <enter>  <enter> To my great delight, Java and Android can read .pem files without <enter> the BKS or JKS store files we typically use to distribute trusted <enter> certificates. <enter>  <enter> This recipe includes a big copy-and-pasteable method for converting <enter> an InputStream of PEM files into an SSLContext. The rest of it is <enter> warnings about how dangerous that is. <enter>  <enter> Closes https://github.com/square/okhttp/issues/1336",2015-03-15T22:45:24Z,1,206,1
7980,4,0,https://github.com/square/okhttp/commit/1ab086360755fcb13356617fe6d738171889d810,"Add a test for interceptors throwing unchecked exceptions. <enter>  <enter> Our behavior here is not good. Right now it looks like we're leaking <enter> resources; nothing is releasing the socket in a 'finally' clause when <enter> interceptors crash. We're also not notifying the callback that the <enter> call has failed; that's left hanging. <enter>  <enter> That said, we don't expect applications to recover from these <enter> exceptions. <enter>  <enter> Closes https://github.com/square/okhttp/issues/1482",2015-03-15T17:45:22Z,1,97,0
7983,4,0,https://github.com/square/okhttp/commit/2d47bc2631048fc713dbc7dbb6e7603619fce776,"Add a test for corner-case behavior. <enter>  <enter> I'm looking to make HttpURLConnectionImpl delegate to Job, and that means <enter> writing tests for all the weird things it does above HttpEngine.",2014-04-21T23:16:01Z,1,12,0
8063,4,0,https://github.com/square/okhttp/commit/ff7946416d86aedcf154b868ba869241cd4816e9,"Add some pings to force happens-before in SPDY tests. <enter>  <enter> Previously we were relying on accidents to get our tests to pass. There <enter> may still be some that require work, but this should fix the three tests <enter> that I saw fail. <enter>  <enter> https://github.com/square/okhttp/issues/525",2014-04-18T02:16:44Z,1,24,0
8081,4,3,https://github.com/square/okhttp/commit/6c57d76915a7e79cc8b8f743ccd8ecc35889ce7c,"Track Connection ownership. <enter>  <enter> Connection ownership is somewhat racy: when an HttpURLConnection reads <enter> the last byte of a connection, its ownership is released and given to <enter> the connection pool.",2014-03-30T23:40:21Z,4,169,0
8083,4,0,https://github.com/square/okhttp/commit/4c86085429edbeef0a383941936ee7b64cc3805e,Drop ALPN support. <enter>  <enter> https://github.com/square/okhttp/issues/666,2014-03-31T02:33:27Z,1,38,1
8118,4,3,https://github.com/square/okhttp/commit/8f035fc347f1ba9e4155ce99242c1a4f7d6e16dd,Restore support for ResponseCache.setDefault().,2014-03-05T16:56:12Z,4,120,0
8144,4,3,https://github.com/square/okhttp/commit/5c3cfd9148500c19794aec4ba44c426247b7bd72,Confirm that we use GMT formatting in setIfModifiedSince().,2014-03-01T14:15:56Z,1,12,0
8148,4,0,https://github.com/square/okhttp/commit/29ffd5237ec89577a67c781c746ce72f968efabe,Test for redirect leak bug.,2014-02-24T04:31:22Z,1,24,0
8230,4,0,https://github.com/square/okhttp/commit/97741e94fba896f2aede30aecb789efe409202cf,Don't unzip if there isn't a response body. <enter>  <enter> https://github.com/square/okhttp/issues/358,2014-01-22T03:47:50Z,2,65,0
8254,4,0,https://github.com/square/okhttp/commit/46a0852c202acf68cd890867a35f8e51b81c2948,Don't attempt TLS modes we know will fail. <enter>  <enter> https://github.com/square/okhttp/issues/442,2014-01-16T05:46:09Z,6,42,0
8268,4,3,https://github.com/square/okhttp/commit/9eb276043fc14cda856671ccdba4065bba2a7bae,Small docs fixes. Remove OkHttp 2 warnings.,2014-01-10T15:01:32Z,6,28,0
8275,4,3,https://github.com/square/okhttp/commit/3eda83ab14d334bf5a5cb900674df1552de74e73,Platform.getMtu is unused. <enter>  <enter> This was a failed experiment.,2014-01-07T04:28:04Z,1,80,0
8290,4,0,https://github.com/square/okhttp/commit/59a6804c91328c2d1eb096054590b213ab711d22,Tests for canceling async requests.,2014-01-05T19:11:10Z,2,67,0
8336,4,2,https://github.com/square/okhttp/commit/8f03548249d3292ab95fc5cf016b51133705e771,Fix checkstyle issues in new Cookie code.,2013-09-03T15:13:03Z,1,25,0
8338,4,0,https://github.com/square/okhttp/commit/29ab48bf0dfbac1b249f2233de08fa948bad11d8,"Fix a race condition in Connection.isExpired(). <enter>  <enter> This was causing some SPDY connections to be evicted early, <enter> and preventing connection reuse. <enter>  <enter> The spdyConnectionReuse test becomes flaky with the <enter> fix that makes MockWebServer use different sequenceNumbers <enter> for different requests on the same socket. With the fix <enter> the test is no longer flaky. The old test wasn't good enough <enter> to detect what it wanted to detect! <enter>  <enter> This race has existed in the code since we added more <enter> aggressive time-based expiration in January 2013. In my <enter> basic tests the race impacted ~20% of connections on a <enter> desktop VM. It may have been more on mobile.",2013-09-28T19:43:31Z,4,16,0
8382,4,3,https://github.com/square/okhttp/commit/ef09f798a32dc4d0593388054e446f199c14ec8f,Don't use IOException APIs not in Gingerbread,2013-07-12T04:43:03Z,1,5,0
8430,4,0,https://github.com/square/okhttp/commit/a39032cb0af0de4cbc1c18397c64f67074981538,Make ConnectionPoolTest less flaky <enter>  <enter> I was seeing flaky results in the debugger because pooled <enter> connections were being evicted as the test ran.,2013-06-23T23:50:08Z,1,2,0
8481,4,3,https://github.com/square/okhttp/commit/954e8f5453a23d52f6a2a09aac469ca73460e0f5,Dependency-free examples for the OkHttp front page. <enter>  <enter> I'm going to include code snippets from these.,2013-05-04T21:41:03Z,3,141,0
8487,4,2,https://github.com/square/okhttp/commit/63c5a42ecdc53d51cc6d617d4fcc05cb2e7a9dba,"Don't explode if we can't find an interface for a local address. <enter>  <enter> We'll likely explode later when attempting to use the socket. <enter> But that will fail with an IOException, unlike this which was <enter> failing with a NullPointerException.",2013-04-29T21:20:54Z,1,3,0
8493,4,3,https://github.com/square/okhttp/commit/6ed0f2c2cbf5872684bcc50a883fb6d5d0ac207f,Update to the latest DiskLruCache. <enter>  <enter> Includes everything thru 8842981cbcfe20eb4721c0a2c867fa9a18233062,2013-04-15T21:39:52Z,2,151,0
8573,4,2,https://github.com/square/okhttp/commit/cbb33cbd05947c7680fe3519678323641a56fa8c,"Fix a severe bug where multiple TLS tunnels were attempted. <enter>  <enter> The previous code would attempt a TLS tunnel on reused <enter> HTTPS connections, even after the tunnel had been established. <enter> This is a severe protocol error!",2012-10-25T02:15:51Z,2,42,0
8583,4,0,https://github.com/square/okhttp/commit/68ebb704fb73ad1545ae82287f8b2a5f68d8e69d,Address some todos around stream failures and peer errors.,2012-09-25T21:32:28Z,4,198,0
8591,4,3,https://github.com/square/okhttp/commit/7a7ad1cdb22ed381c468ee38d757da03b4b1877a,Handle incoming SETTINGS frames in SPDY.,2012-09-21T21:28:07Z,6,142,0
8592,4,2,https://github.com/square/okhttp/commit/5aa2456a145883f6688c6ee325635ed0c6339076,Fix TLS requiresTunnel which was being computed incorrectly. <enter>  <enter> We were only returning 'true' once we were already in a tunnel. <enter> This was bogus. In theory a TLS tunnel sending extra data could <enter> be corrupted due to this bug. <enter>  <enter> Also migrate one of the TLS tunnel tests to use SslContextBuilder <enter> instead of TestSSLContext.,2012-09-20T20:01:17Z,5,138,0
8597,4,0,https://github.com/square/okhttp/commit/15940665526348d815b26d509ce44c79926c612b,Merge: Fix HttpURLConnection CloseGuard warning due to lack of close on GZIPInputStream <enter>  <enter> Original AOSP/libcore commit by Brian Carlstrom: <enter> java.lang.Throwable: Explicit termination method 'end' not called <enter>   at dalvik.system.CloseGuard.open(CloseGuard.java:184) <enter>   at java.util.zip.Inflater.<init>(Inflater.java:82) <enter>   at java.util.zip.GZIPInputStream.<init>(GZIPInputStream.java:96) <enter>   at java.util.zip.GZIPInputStream.<init>(GZIPInputStream.java:81) <enter>   at libcore.net.http.HttpEngine.initContentStream(HttpEngine.java:523) <enter>   at libcore.net.http.HttpEngine.readResponse(HttpEngine.java:831) <enter>   at libcore.net.http.HttpURLConnectionImpl.getResponse(HttpURLConnectionImpl.java:274) <enter>   at libcore.net.http.HttpURLConnectionImpl.getResponseCode(HttpURLConnectionImpl.java:486) <enter>   at ... <enter>  <enter> Bug: 6602529 <enter> Change-Id: I9b49cbca561f8780d08844e566820087fdffc4d7,2012-09-19T20:23:53Z,2,53,0
4937,3,0,https://github.com/square/retrofit/commit/60b938a2ab6f66619ab2f8fa0beeb2ec2d40b45d,Clarify that errors start at 0% probability.,2017-06-02T20:24:14Z,1,4,0
4948,3,3,https://github.com/square/retrofit/commit/637d1f076680798fce90eb6f8aaf024427269140,Update to RxJava 1.3 and a stable Completable.,2017-05-09T15:24:25Z,2,16,0
4949,3,0,https://github.com/square/retrofit/commit/6108179c09dae0ccdd7e8d97d4a3b79f9f4443a4,"Use custom exception type when triggering mock failure. <enter>  <enter> Since we omit the stack trace, this more clearly indicates the source being from Retrofit's mock behavior.",2017-05-12T00:26:03Z,3,29,0
4978,3,0,https://github.com/square/retrofit/commit/a9eb2696ef928e406442f7f43394c4cbaa6d0c8d,Update checkstyle to the latest version.,2016-12-05T05:26:53Z,5,33,0
4990,3,3,https://github.com/square/retrofit/commit/119257a860ea6fd0bb536ce2b626a63b197d666c,Allow HTTP errors to be created as part of mock behavior.,2017-01-30T05:45:47Z,3,190,0
4991,3,3,https://github.com/square/retrofit/commit/2074732da81f1079cccf8a6bf7cc2e37d2666bc8,Reflect OkHttp Call canceled state from our Call.,2016-11-12T04:45:46Z,2,41,0
4992,3,0,https://github.com/square/retrofit/commit/98d622aa8cb1dbf8ba0a055b641968af556b9105,Remove unused interface.,2017-01-30T05:12:45Z,1,9,0
5003,3,3,https://github.com/square/retrofit/commit/240e3cdf6822a2fb0514cae4758822780d559359,Propagate fatal exceptions even if already dispatching an error.,2016-08-21T06:02:59Z,3,5,0
5009,3,0,https://github.com/square/retrofit/commit/e3b839eb49ac856ac5cffb7c113321df9244e29f,Remove duplicated test. <enter>  <enter> It is the same as  in this file.,2016-08-09T04:52:24Z,1,15,0
5015,3,3,https://github.com/square/retrofit/commit/fd0213b74724959292f3da667f523fc2fb50fc72,Skip a UTF-8 BOM if present.,2016-07-09T02:22:37Z,2,49,0
5021,3,0,https://github.com/square/retrofit/commit/6f8a9a664c0198992b8478e0671cc4a7db4f1d8e,Add missing import.,2016-06-15T04:14:37Z,1,1,0
5029,3,2,https://github.com/square/retrofit/commit/2d8edc034af617e317a78509284b7adf93895c74,Honor the encoding of the response in XML deserialization.,2016-05-06T03:25:48Z,2,17,0
5040,3,3,https://github.com/square/retrofit/commit/aa7a79542d6374c05c8bb40b4edafbfc42fdbf81,Adapter Javadoc details.,2016-04-03T06:00:28Z,3,56,0
5045,3,2,https://github.com/square/retrofit/commit/10ff3d97faadcd6f716447d3376f9f51992e44dd,Document maps don't allow null anywhere.,2016-03-15T16:47:16Z,3,12,0
5054,3,3,https://github.com/square/retrofit/commit/7bbbf1937c6e5ed79d14c2c13fc30d5f8305e43c,Remove the need for generated accessor methods.,2016-03-09T20:54:42Z,2,22,0
5055,3,3,https://github.com/square/retrofit/commit/09ce077dcb95fdfe914fbac97462d8c707e6820d,Null check Call.enqueue argument.,2016-03-08T20:42:53Z,3,6,0
5061,3,3,https://github.com/square/retrofit/commit/b28f9053fd92535f9d41f2010ead31191e79df36,"Forbid null map values, and null maps.",2016-03-04T03:28:30Z,2,147,0
5065,3,3,https://github.com/square/retrofit/commit/cb5c9cec34490559f0332941dd6b22e29471b9cb,Propagate callback executor even when not explicitly specified. <enter>  <enter> This lets custom CallAdapter implementations use the platform default for their callbacks.,2016-03-02T04:18:31Z,3,54,0
5067,3,1,https://github.com/square/retrofit/commit/026a35e78a390e8941ee8b24149877ae51940c19,Speling.,2016-02-20T23:32:58Z,1,2,0
5079,3,0,https://github.com/square/retrofit/commit/a19609a16359af66aec5410459899291b2c45cf1,Add example of using JSON converter as a String converter. <enter>  <enter> This also adds the Retrofit instance as a param to the string converter to allow it to delegate to others directly. This brings it into parity with the method signatures of the other converter methods anyway.,2016-01-29T03:18:05Z,6,138,0
5081,3,3,https://github.com/square/retrofit/commit/473fd2473cc41e68eb61c6d2d4316d720edd46fb,Use Gson instance as factory for reader to honor config. <enter>  <enter> This allows settings like support for leniency to be honored.,2016-02-15T21:43:30Z,3,23,0
5101,3,2,https://github.com/square/retrofit/commit/6a84e8bddcab818eafeeec7ec52d260402f358b8,Do not trap IO from request body conversion.,2016-01-18T04:38:18Z,2,14,0
5114,3,0,https://github.com/square/retrofit/commit/78119485c2ee60cbeb2dc478679cfd7b9712ddbd,Use new OkHttp's non-throwing close and a simpler body copy.,2016-01-02T06:42:52Z,3,36,0
5134,3,0,https://github.com/square/retrofit/commit/c342d650a8abe8c87222d286a2c321ba9563e47b,Remove incorrect generic parameter.,2015-12-21T07:39:19Z,3,26,0
5145,3,3,https://github.com/square/retrofit/commit/365b2104eceb9b0007395b849740c381d13a22a1,Extract iterable and array behavior from RequestAction.,2015-11-17T04:42:07Z,2,112,0
5149,3,3,https://github.com/square/retrofit/commit/7e4beeb66e3b5e66907410b930b653ff5ad63ead,Tweaks from review.,2015-11-15T18:51:13Z,3,24,0
5163,3,3,https://github.com/square/retrofit/commit/a9c0512fa6f88933702bf0e12243f5a584c01f66,Use a correct implementation of path encoding.,2015-09-25T05:19:56Z,2,68,0
5180,3,3,https://github.com/square/retrofit/commit/7bcdfb3f5b2cf23965eac5f4779612313c4e652b,Provide option for eagerly validating an interface.,2015-09-11T21:52:05Z,2,45,0
5189,3,3,https://github.com/square/retrofit/commit/8a70ac168500cc60c0ccf8ec6c8c9e34885e3dac,Consolidate response body specializations as inner classes.,2015-09-26T06:16:36Z,3,183,0
5244,3,0,https://github.com/square/retrofit/commit/74d6a855eb4ca0c11ec9fcc2e898b0fe540e787e,Add a test to verify unused and potentially invalid path params are allowed.,2015-06-06T04:45:29Z,1,14,0
5251,3,0,https://github.com/square/retrofit/commit/49bba7d60f2a920e138e9388c515ee58fc8c4bcf,Rewrite RxJava call adapter tests to be more understandable.,2015-06-03T04:39:06Z,1,182,0
5264,3,1,https://github.com/square/retrofit/commit/0316bae5bd503462883bc8ea2ddd317b5bf9f222,Formatting.,2015-04-20T00:56:58Z,1,3,0
5282,3,0,https://github.com/square/retrofit/commit/7a06832e3cee1f4d90ac8fd24fc39f90e3787b4c,Remove unused classes from 56f11374c2f5d037e57d274a3c72f9694cd9e05c.,2015-01-30T01:18:12Z,3,144,0
5287,3,2,https://github.com/square/retrofit/commit/fe1d01684c96d55224c67e67c31c3fd8faa05c24,Ensure we don't crash on null header values.,2015-01-08T04:52:30Z,2,8,0
5289,3,0,https://github.com/square/retrofit/commit/757278c7ab7f6c8e5a40d16a5707c35e0f61c5ab,Update to OkHttp 2.2. Fix a tiny potential NPE.,2014-12-31T07:36:15Z,2,29,0
5290,3,0,https://github.com/square/retrofit/commit/ed1122ae27c0503e3182e9a7d817097b7febcebb,Fix annotation link. EncodedPath is gone.,2014-12-20T10:07:46Z,1,2,0
5308,3,0,https://github.com/square/retrofit/commit/745e29b7832c3cc37e7b6d395aded79a908c3bbc,"Remove deprecated error identifier. <enter>  <enter> This whole class is probably going to die or morph, but killing off tech debt before major refactorings makes me feel good.",2014-10-10T06:48:07Z,2,10,0
5320,3,2,https://github.com/square/retrofit/commit/93371a4c37f22b83df32edca3b0af376642a6d7d,Favor an immutable singleton list over immutable list view.,2014-10-07T06:18:31Z,1,4,0
5356,3,0,https://github.com/square/retrofit/commit/fb746cb2f67a51c100e368844ac26dedb9e8eac4,"Expose success type on RetrofitError. <enter>  <enter> There's a bit of a test gap going on for all the variants of successful and erroneous handling of sync, async, and rx. This new behavior is fully tested in all three but more general behavior testing for them will be needed in in a follow-up.",2014-06-05T18:02:44Z,5,144,0
5369,3,0,https://github.com/square/retrofit/commit/54c8e17ad51bd35e75009233c3be6cdc3afe310e,Update documentation for handling of @Field and @Part values.,2014-05-22T21:30:44Z,3,20,0
5371,3,0,https://github.com/square/retrofit/commit/863030b551bc2e3447c5dde55d6bcc312218de6f,Add docs about null responses.,2014-05-22T18:05:22Z,1,7,1
5383,3,3,https://github.com/square/retrofit/commit/00f4c420166eb070a035cdd641b7afa101f65602,MockRestAdapter should use ErrorHandler.,2014-03-24T15:26:57Z,2,128,0
5403,3,3,https://github.com/square/retrofit/commit/dfe5d9eb51352d6cad8ac618e19577525adcab87,Correct map parameter type detection for query and field.,2014-02-01T20:23:51Z,2,67,0
5410,3,3,https://github.com/square/retrofit/commit/bcfc6ff673a9344172920415a04eaa904a90e78a,Update Jackson converter to latest. Add default constructor.,2014-02-01T07:30:02Z,2,113,0
5416,3,3,https://github.com/square/retrofit/commit/9e93fc566670cde1cf873d92e7a27cdfeff494dd,Add simple package info to root package.,2014-02-01T06:34:01Z,1,12,0
5419,3,3,https://github.com/square/retrofit/commit/d7da1cdc2406b88aae75ebfeaca93bbf3c94d505,Retain old parameter type.,2014-02-01T03:08:42Z,1,2,0
5425,3,3,https://github.com/square/retrofit/commit/810bb53ee4a10fabd2632568b669a35572575347,Style tweaks to new endpoint code.,2014-01-24T01:09:27Z,3,31,0
5436,3,0,https://github.com/square/retrofit/commit/3bdad39745db76928fce0f31b3c2a8e8922c40b3,Properly name ignored exception in 'catch' block.,2014-01-14T21:44:23Z,1,2,0
5468,3,3,https://github.com/square/retrofit/commit/25c15a7e3fd60f0b581a0ae6b1c2d6beb777b47d,Add some static factory methods to MockHttpException.,2013-11-08T01:23:12Z,2,107,0
5476,3,3,https://github.com/square/retrofit/commit/d08bfa59f0c28879517f122da4e2eadd0c8f06c8,Correct header length checking logic. Improve exception message.,2013-10-14T03:29:15Z,1,5,0
5481,3,0,https://github.com/square/retrofit/commit/2e15cf9e75e4204aa492ecc1cbe53053f95a2a8f,Promote Android logging to a class which knows about chunking. <enter>  <enter> Remove the concept of chunking from calling code. This is an Android-specific implementation detail which is now only performed when needed.,2013-09-18T04:34:00Z,3,43,0
5486,3,3,https://github.com/square/retrofit/commit/96b6f094e94ff56068c55284e3f500cb553574c9,Add empty Log implementation.,2013-09-11T06:26:34Z,1,6,0
5497,3,2,https://github.com/square/retrofit/commit/dea55b54a1ea55d7324cb76a53332f54eae30cbb,Ensure @EncodedPath is not cast to @Path when processing method.,2013-08-17T07:36:00Z,2,99,1
5500,3,2,https://github.com/square/retrofit/commit/e1278d2d76f7594d5b34692b1a00a2f32e549005,Fix IntelliJ auto-formatting.,2013-08-08T21:08:08Z,1,5,1
5505,3,0,https://github.com/square/retrofit/commit/989d69f0cf365895a13e41e913c4871feca1dea9,Add path and query tests for pre-encoded values.,2013-08-08T05:49:08Z,1,42,0
5521,3,3,https://github.com/square/retrofit/commit/ba551e6bcf168a61a7abb296c9d52c9f8f77dcf8,Log network and unexpected exceptions if logging is enabled.,2013-07-17T02:01:05Z,1,27,0
5529,3,3,https://github.com/square/retrofit/commit/8d5e022f4866cadbab4c5d67b28bd2fd6f7bd71d,Add two levels of logging.,2013-07-09T00:26:37Z,2,158,0
5532,3,0,https://github.com/square/retrofit/commit/9fd4efb16c021df0d94a7dab3d23b24d4188787a,Correct javadoc to point to proper annotation.,2013-07-08T23:39:50Z,1,4,1
5537,3,3,https://github.com/square/retrofit/commit/183bb3af5e69b5a1403978d22ad7e91971105032,Special case String type for multi-part parts.,2013-06-25T22:37:17Z,3,15,0
5545,3,3,https://github.com/square/retrofit/commit/5da95585b59bd911d1c147cbddd171576ee96f98,Allow uppercase letters in path parameters.,2013-05-20T16:59:15Z,2,63,0
5549,3,3,https://github.com/square/retrofit/commit/476c5341f99dabd92ca26451c453028504eaed5c,Escape closing curly braces for Android support.,2013-05-13T21:21:15Z,1,8,0
5560,3,0,https://github.com/square/retrofit/commit/d665e56649a4b43128714c2bdbe83b9c1d037f73,Rename 'pair' to 'field' to match annotation. <enter>  <enter> Closes #206.,2013-05-13T14:33:05Z,3,16,0
5568,3,3,https://github.com/square/retrofit/commit/bdaf792de11924563eac63e44913c2d2dce277d0,Add OkHttp-specific client when its present on the classpath.,2013-05-09T00:12:13Z,3,69,0
5571,3,0,https://github.com/square/retrofit/commit/6248abcb99cf059a17bf4d2298faa4658101fe1f,Reset thread name to idle when not in use. <enter>  <enter> Closes #188.,2013-05-04T03:03:41Z,2,16,0
5576,3,0,https://github.com/square/retrofit/commit/737b844b8b1e9e9ff25e1b4dde266435ff1a9821,Roll our own multi-part implementation. <enter>  <enter> Drop Apache mime4j dependency. <enter>  <enter> Closes #141.,2013-04-12T02:37:04Z,4,154,0
5592,3,3,https://github.com/square/retrofit/commit/db20a59b2819fbe4fe7e9a8478b726b592dc3971,Remove usage of HTTP constants class from Apache dependency.,2013-03-07T09:09:00Z,2,8,0
5593,3,0,https://github.com/square/retrofit/commit/df6bec88cd6c85e52e6652da2d2f0146db64013e,Relax enforcement of UTF-8 and use the body charset for decoding. <enter>  <enter> Consumers wanting well-behaved endponts should override or add to their `toBody` charset enforcement: <enter>  <enter> ```java <enter> String charset = Utils.parseCharset(body.mimeType()); <enter> if (!'UTF-8'.equalsIgnoreCase(charset)) { <enter>   throw new ConversionException('Invalid charset ' + charset + '. Must be UTF-8'); <enter> } <enter> ``` <enter>  <enter> Closes #163.,2013-03-07T17:09:42Z,5,57,0
5601,3,3,https://github.com/square/retrofit/commit/9e7b7c04bf0a2d1c34eeed8f28a52a8c7009aaf7,Provide a mutable server implementation. Update Server API to conform.,2013-02-22T05:10:10Z,3,65,0
5620,3,3,https://github.com/square/retrofit/commit/2d4a78f5586e0a1f3559e262a83bd9171f28f4f8,Simplify test method fetching.,2012-12-18T07:33:16Z,1,35,0
5622,3,0,https://github.com/square/retrofit/commit/24a014d6271a38d3995f3ca189dd80794a5fda15,Convert to 100-char lines.,2012-12-18T06:21:57Z,1,22,0
5635,3,3,https://github.com/square/retrofit/commit/a6025429e62a58d107b8d9385e68c4a058ac6615,Restore FINE logging of HTTP response body.,2012-10-30T20:35:19Z,1,15,1
5639,3,3,https://github.com/square/retrofit/commit/6d8de7d80b343397f12429012571c656eac773bf,Hide more implementation details.,2012-10-30T05:10:45Z,2,4,0
5650,3,3,https://github.com/square/retrofit/commit/5bfb19dcffeddf9bba420932570eb8c2d9136464,Enable more checkstyle checks.,2012-10-29T06:10:08Z,1,16,0
5657,3,0,https://github.com/square/retrofit/commit/db0cd2c373d9c809401b1d1ab93ca743b9e50d3e,Remove unused ByteSink classes.,2012-10-25T06:34:37Z,2,67,0
5683,3,1,https://github.com/square/retrofit/commit/23bd77402e8a1b7452f95717dbb931195f12a5fe,More FEST-isms.,2012-08-31T20:03:48Z,4,17,0
7088,4,3,https://github.com/square/okhttp/commit/1c2c57b1a9e037d81aeac3ad5088db9ec4358fb1,Add error-prone compiler and fix its found issues.,2017-02-14T03:07:20Z,1,30,0
7488,4,0,https://github.com/square/okhttp/commit/4ab6a8258b0df3a3528029f810e1f48952dba2d7,Remove old SSL protocol method.,2015-01-06T06:41:54Z,3,15,1
7523,4,3,https://github.com/square/okhttp/commit/c5c4e7857cb25af822b9b3b1fbd158cbd168f48a,Expose Headers directly on MockResponse.,2015-01-05T08:40:16Z,7,93,0
7529,4,0,https://github.com/square/okhttp/commit/a9a1f736b1ebbe2d44de570343685241db62600e,Correct comment.,2015-01-02T20:19:33Z,1,11,0
7543,4,2,https://github.com/square/okhttp/commit/31ec212f84edbe04b9b705f521ed7dc3bd7ddc3a,Skip buffer allocation when not needed.,2014-12-31T18:22:40Z,1,8,0
7602,4,0,https://github.com/square/okhttp/commit/117ebac9e235cf9e614237cd6c246d0dac5e0142,Update to Okio 1.1.0.,2014-12-16T01:07:21Z,3,26,1
7805,4,3,https://github.com/square/okhttp/commit/3a8967322d06ff2d8445aa277ae103653adf4eee,Use Okio's appending sink for File.,2014-06-28T08:34:36Z,1,2,0
7954,4,3,https://github.com/square/okhttp/commit/92e427d7c66091c9731afd02f83f2d4ba08dc395,Close the source after reading regardless of result.,2014-04-24T18:29:03Z,2,11,0
7969,4,3,https://github.com/square/okhttp/commit/35d0922f46c95bd73b1d070b6963cf3512167854,Add convenience overload for ByteString-backed RequestBody.,2015-04-17T01:02:10Z,2,49,0
8017,4,2,https://github.com/square/okhttp/commit/0a67394f2a6401ae181d601e3724703829506bf6,Exceptions from peer closing should not be propagated.,2015-03-09T02:46:25Z,3,44,0
8074,4,3,https://github.com/square/okhttp/commit/ff5390d6dcaf79ef09a3ef94dbb7e8ac39572a7f,Allow specifying a socket factory for connections. <enter>  <enter> This socket factory will be used for all non-proxy connections and HTTP proxy connections.,2014-04-15T07:53:58Z,6,107,0
8414,4,0,https://github.com/square/okhttp/commit/53e12cca33f7d24cd8ea6c6ead262559b3553fbb,Request entity tests for the Apache client shim.,2013-07-04T01:22:57Z,1,48,0
8459,4,0,https://github.com/square/okhttp/commit/eb5e72280b56427139bb14ffe14036f8dca6dba3,Use consistent camel casing of 'SSL'.,2013-05-06T16:00:20Z,3,50,0
8461,4,3,https://github.com/square/okhttp/commit/ae9d97110b6111f374e078eaa34694fdcff93da8,Revert 'Consistent casing of 'SSL' in method names.' <enter>  <enter> This reverts commit ea4297ded736c5b606a772fef9d0d7929697e159.,2013-05-06T15:59:20Z,2,4,0
8489,4,0,https://github.com/square/okhttp/commit/58c42623d084b05c249f1948686f250413a3611a,Minor doc fix.,2013-05-04T06:39:20Z,1,2,0
8588,4,3,https://github.com/square/okhttp/commit/5f239296e9124d7181e41c4af44a64bac7770132,Correct checkstyle.,2012-09-24T20:16:16Z,1,8,1
4685,2,0,https://github.com/apache/dubbo/commit/edfaee1e89d13aca1aaa230025ba0b661fc9ebef,fix misspelling <enter>  <enter> git-svn-id: http://code.alibabatech.com/svn/dubbo/trunk@145 1a56cb94-b969-4eaa-88fa-be21384802f2,2011-10-31T08:45:25Z,1,2,0
66,1,0,https://github.com/junit-team/junit4/commit/8a367c1b918f02135d333f3cea8b576c20287361,"Revert 'ExternalResource: declare after() to throw Throwable (#1421)' <enter>  <enter> Revert commit cebbf5e15725b4dc247ac0557f6fa63f475b15af. <enter> It breaks code that extends ExternalResource, <enter> overrides after() and calls super.after() in after().",2019-04-03T15:20:00Z,1,4,0
95,1,2,https://github.com/junit-team/junit4/commit/61c3a030440ed9041aafd9e66d1c6c3ebc71440a,ParentRunner.classRules() returns modifiable List (#1578),2018-12-17T17:38:44Z,2,57,0
3478,2,0,https://github.com/apache/dubbo/commit/81e61cc5c3d83b716ca2e712ccdc444c0fff208a,remove unnecessary null check  before instance of (#4321) <enter>  <enter> Signed-off-by: jimin.jm <develope97>,2019-06-19T23:01:24Z,6,30,0
2772,2,0,https://github.com/apache/dubbo/commit/15ed9f85929a30aaba0b02d23a00d4339f67dad3,extract duplicate code to a method (#5541),2019-12-27T05:27:18Z,1,27,0
3345,2,0,https://github.com/apache/dubbo/commit/fba25d271fe4672a5dceef288f4e1cf2ea923521,move isMetaMethod to MethodUtils (#4387),2019-07-17T02:45:59Z,2,47,0
1691,1,3,https://github.com/junit-team/junit4/commit/832bb8322f2ca09af52769a0198b276269b53988,Clarify that annotating suite has no effect,2009-12-08T15:15:44Z,1,3,0
2820,2,0,https://github.com/apache/dubbo/commit/8eae30105ca005374683433964318b667d0c290c,add the router key in dubbo.xsd (#5337),2019-12-09T08:43:49Z,2,54,0
4807,3,3,https://github.com/square/retrofit/commit/ac566e1abd3fee77d8d588a2cd97c5056d330d2c,Ignore static interface methods when eagerly validating,2019-01-27T05:18:39Z,3,49,1
154,1,0,https://github.com/junit-team/junit4/commit/5785d9df8fe25f68567272850cd65b4dc07da617,Deprecate rule ExpectedException (#1519) <enter>  <enter> The method Assert.assertThrows provides a nicer way for verifying <enter> exceptions. In addition the use of ExpectedException is error-prone <enter> when used with other rules like TestWatcher because the order of rules <enter> is important in that case.,2018-05-05T16:01:34Z,1,10,0
20986,5,0,https://github.com/spring-projects/spring-boot/commit/8f7c96e8f0fa3504a10961bf06db42ad8472d395,"Honour ext and classifier on @Grabbed dependencies <enter>  <enter> We currently honour type, but ignore ext. Aether doesn't make a <enter> distinction between the two so a Grab that specifies both type and ext <enter> but with different values is considered to be an error. <enter>  <enter> Fixes #995",2014-05-30T14:12:09Z,2,76,0
484,1,3,https://github.com/junit-team/junit4/commit/2246c5a6de14ae94f3d29a82b165653e67ca93a1,Converted tab to spaces,2012-11-13T23:50:06Z,1,2,0
540,1,0,https://github.com/junit-team/junit4/commit/bcf2c17851197328bb7bc008f916a6648de193aa,Converted tabs to spaces <enter>  <enter> Converted tabs to spaces for newly added code to be in line with <enter> guidelines.,2012-11-12T02:29:12Z,1,22,0
2608,2,0,https://github.com/apache/dubbo/commit/8e07686047404ed4729ab1af481fa14984d5ed2b,remove reference destroy guardian (#5863) <enter>  <enter> fix #5855,2020-04-02T11:38:03Z,1,20,0
2732,2,2,https://github.com/apache/dubbo/commit/9ae6ed76c9ed7f3e3cf7b9e5f3c79e8f1504b3a0,"When using zookeeper and ConfigCenterConfig is null,don't set port attribute (#5617) <enter>  <enter> fix #5322",2020-01-31T08:11:35Z,2,47,0
1108,1,3,https://github.com/junit-team/junit4/commit/89ffd7eda43f939f7dc210cfe21a196067ab08d6,Adding additional javadoc context for deprecated FrameworkMethod#producesType. Adding acknowledgements entry for pholser. Starting 4.9.1 release notes.,2011-07-09T02:13:43Z,1,27,0
1164,1,0,https://github.com/junit-team/junit4/commit/cb0c4e9f7c9be8be7c11e4934f6bd71a312102ec,"For #855, remove FrameworkMethod.getParameterSignatures() <enter>  <enter> Having this method in place made a class from the 'core' of JUnit <enter> (org.junit.runners.model) depend on something from 'experimental' -- <enter> a dependency going in the wrong direction.",2014-03-28T20:49:42Z,2,7,0
3645,2,0,https://github.com/apache/dubbo/commit/cad253a0d745204c617df007cd8239305a53173f,extract method to cache default extension name (#3456),2019-02-13T02:48:19Z,1,25,1
3766,2,0,https://github.com/apache/dubbo/commit/93a8ee0789e46ab3f8721ecd7df33b4c84df1a91,move construction of ConfigChangeEvent outside the lambda expression (#3398),2019-01-31T03:22:20Z,1,7,0
3528,2,0,https://github.com/apache/dubbo/commit/9396ace4fc00ca8f2e331b49ddabcb1e138e9e1c,fix typo (#3110),2019-01-01T06:10:08Z,1,26,0
3597,2,2,https://github.com/apache/dubbo/commit/813fed53e8da58beb48bae9ed602f133abb3f747,[Enhancement]: RestProtocol (#3480),2019-02-17T05:51:12Z,1,50,0
3557,2,0,https://github.com/apache/dubbo/commit/368a59ed8560e36de7255231297a39fc194b60bf,Release resource after use in ConfigParserTest (#2905),2018-12-10T09:44:03Z,1,182,0
3864,2,0,https://github.com/apache/dubbo/commit/c8cf56bb75a9eda4aef8a649acfbb639e9ff9e1f,Enable ZookeeperMetadataReportTest (#3360),2019-01-26T14:14:55Z,1,1,0
3910,2,2,https://github.com/apache/dubbo/commit/4fbdc4ff7e628b1132ed8b3e87246a0825d7cba9,Fix random ut falling in DubboMonitorTest (#3327),2019-01-24T10:27:46Z,1,27,0
8464,4,0,https://github.com/square/okhttp/commit/739cb3ec6c41f58e6b6a75d18c912ad1111f8061,More interesting example tests <enter>  <enter> git-svn-id: https://mockwebserver.googlecode.com/svn/trunk@6 cf848351-439f-e86a-257f-67fa721851d5,2011-06-04T00:34:50Z,1,54,0
3236,2,2,https://github.com/apache/dubbo/commit/13e876e40caa0ba658c8204cb2ca9b6321ad8bfa,fix client retry create proxy lead to OOM (#4109),2019-05-23T08:09:04Z,1,1,0
5317,3,3,https://github.com/square/retrofit/commit/04c6e762c708de36f62f288a105ea67c5d1c8010,Switch to io.reactivex version of rxjava,2014-10-15T23:40:53Z,1,16,0
5700,3,0,https://github.com/square/retrofit/commit/3b5a795892ac079320f6e4fb0d715a6d1a619122,Adding a human-readable name to the Server interface,2012-08-13T16:34:52Z,1,4,0
5749,3,3,https://github.com/square/retrofit/commit/b7521f863ede30032014efc290dae541e243a087,Adding a preInvoke callback for right before http call is being made.,2011-11-22T19:33:56Z,4,28,0
1282,1,3,https://github.com/junit-team/junit4/commit/56743a446c8fe01319c6588c1709bcf1a090ccde,Merging from AlistairIsrael-classrules on github to ppreserve history because of non-fast forward merge (whatever that means),2010-05-06T08:28:40Z,1,1,0
1347,1,3,https://github.com/junit-team/junit4/commit/01716157f2683f5610d721929a687e7dc3aee558,Use Field#getType(),2009-10-19T09:12:16Z,1,2,0
1693,1,3,https://github.com/junit-team/junit4/commit/58723f03198f62f079cd242f7110a94713a5a90b,Move emptySuite method to Suite <enter>  <enter> Signed-off-by: Kent Beck <kent@threeriversinstitute.org>,2009-06-16T05:24:01Z,2,23,0
1760,1,0,https://github.com/junit-team/junit4/commit/50b77b1f3108aa77af0906162d552e513936c322,"Advance version, and beef up ErrorCollector with checkThat and checkPasses",2009-06-16T05:12:10Z,4,100,0
5429,3,0,https://github.com/square/retrofit/commit/00d3f9070e15e514430e5dbb2aec602547c3c92d,AndroidLog: Added getTag() and logChunk() methods <enter>  <enter> â€?for easier subclassing.,2014-01-23T12:52:10Z,1,10,0
5431,3,3,https://github.com/square/retrofit/commit/ed2e8a5b52e933034b74e5aa66bc42862bfd30de,client: Reintroduced deprecated Response constructor,2014-01-20T09:33:20Z,1,19,0
2707,2,0,https://github.com/apache/dubbo/commit/5b4816dfa6ae92d0b94af4ed41c07ca6c9d0fcb9,fix:Remove unused variable parameters in AbstractProxyInvoker (#5651),2020-02-09T04:56:11Z,1,4,0
2759,2,0,https://github.com/apache/dubbo/commit/3308a197751eeb97baddf157f53813a3447d159f,fix typo:metodName (#5596),2020-01-07T07:00:03Z,1,3,0
740,1,0,https://github.com/junit-team/junit4/commit/48aabe1b16bd288f74ac4ff92e3a38792533be39,Fix for issue #55 <enter>  <enter> Added Type check for MultiPointsMethod,2012-08-17T21:57:54Z,2,105,0
795,1,0,https://github.com/junit-team/junit4/commit/2568203bdebd5a4a4ad9aa74b1d8369d22f668a3,Replaced IllegalArgumentException for IOException <enter>  <enter> It's more consistent to throw an IOException instead of an <enter> IllegalArgumentException,2012-08-13T05:38:45Z,3,18,0
1711,1,1,https://github.com/junit-team/junit4/commit/cfaceb6d34390d999ff238d53fcb73898b32f98f,Changes due to code review from @dsaff.,2013-05-06T22:16:49Z,7,23,0
1751,1,3,https://github.com/junit-team/junit4/commit/2e9a239f419fa60779b5f1ab191561108e1fe3d4,ExpectedException allows multiple exceptions <enter>  <enter> Signed-off-by: Kent Beck <kent@threeriversinstitute.org>,2009-06-02T19:47:20Z,1,3,0
1761,1,1,https://github.com/junit-team/junit4/commit/9ee2808155657ebfa5f6dd27791d7350da0ecfeb,merged,2009-06-02T19:54:23Z,1,2,0
1783,1,3,https://github.com/junit-team/junit4/commit/c9e0f1a3a519bdab2d71b48635a9cc7df3cff3fa,JUnitMatchers.matches creates any type <enter>  <enter> Signed-off-by: Kent Beck <kent@threeriversinstitute.org>,2009-06-01T15:08:41Z,3,14,0
1,1,0,https://github.com/junit-team/junit4/commit/1254795902e56eb545e1fe696827924bc5e82b66,"Mark ThreadGroups created by FailOnTimeout as daemon groups (#1687) <enter>  <enter> Mark ThreadGroup created by FailOnTimeout as a daemon group. <enter>  <enter> Previously, FailOnTimeout destroyed the ThreadGroup, which could cause race conditions if the ThreadGroup was referenced by other threads. <enter>  <enter> Fixes #1652",2021-01-02T22:09:07Z,2,84,0
85,1,0,https://github.com/junit-team/junit4/commit/6d0fad48ce3a05b32d903d2016c24d276b6e1eb8,Remove usages of FrameworkMember as a raw type. (#1596),2019-03-14T14:06:32Z,4,10,0
1098,1,0,https://github.com/junit-team/junit4/commit/c85c6147ada5ad1afdd3be10769670d309730132,"Fix regression in TemporaryFolder.newFolder(String) for paths with slashes. (#1402) <enter>  <enter> In JUnit 4.11, newFolder(String) was changed to no longer support paths <enter> with a file separator. This has been fixed. The overload of newFolder() <enter> that supports passing in multiple strings still does not allow strings <enter> containing file separators.",2017-01-03T23:58:50Z,2,59,1
8375,4,2,https://github.com/square/okhttp/commit/76275fc9733168320d9472b8982c7d38956058fb,Really support requests greater than 2 GiB. <enter>  <enter> git-svn-id: https://mockwebserver.googlecode.com/svn/trunk@45 cf848351-439f-e86a-257f-67fa721851d5,2013-07-05T22:08:35Z,1,10,0
5342,3,0,https://github.com/square/retrofit/commit/89daa8ca994ee5cc193dc93849abd7672dc59c1d,Add @Override annotations,2014-07-29T16:08:53Z,4,36,0
5494,3,3,https://github.com/square/retrofit/commit/75d5399073d275846c254a356cf760b4d942821b,Pass InputStream to Wire,2013-08-27T16:33:36Z,1,24,0
4655,2,2,https://github.com/apache/dubbo/commit/8c79032106a6376886bc9f8996ab14322b62ad1d,DUBBO-250 Dubbo client can not supported string message <enter>  <enter> git-svn-id: http://code.alibabatech.com/svn/dubbo/trunk@1283 1a56cb94-b969-4eaa-88fa-be21384802f2,2012-03-19T12:12:51Z,1,9,0
4684,2,1,https://github.com/apache/dubbo/commit/0fe179e4eb48483a2b0cfabeb60db84f414273c2,http://agile.alibaba-inc.com/browse/DUBBO-743 <enter>  <enter> git-svn-id: http://code.alibabatech.com/svn/dubbo/trunk@147 1a56cb94-b969-4eaa-88fa-be21384802f2,2011-10-31T09:42:03Z,3,156,0
1855,1,2,https://github.com/junit-team/junit4/commit/7b94e3de5c8eab7e25c8b3be0e822ae6d4175bf0,don't wrap statements for before/after/etc unless there's something to wrap them with. <enter>  <enter> Signed-off-by: Kent Beck <kent@threeriversinstitute.org>,2009-05-12T03:29:36Z,2,17,0
1856,1,3,https://github.com/junit-team/junit4/commit/507e7b1799801409104fa5054b3bc6ac3fe82e7d,Added TestName Interceptor,2009-05-12T03:45:01Z,5,70,0
1862,1,2,https://github.com/junit-team/junit4/commit/ff2ff9176dfb18887a8e6e463e49b00c6f3acc5f,Another TODO bites the dust,2009-05-12T01:38:59Z,1,1,0
1952,1,0,https://github.com/junit-team/junit4/commit/469dcc78a7610916ffa29e2cefc21f80430df8c0,Updated to 4.6 final <enter>  <enter> Signed-off-by: Kent Beck <kent@threeriversinstitute.org>,2009-04-14T01:43:51Z,1,4,1
20447,5,2,https://github.com/spring-projects/spring-boot/commit/b439d3522ee0615cd46ea50d7791a89802d9c0bc,Fix VanillaHealthIndicator javadoc,2014-06-17T17:57:00Z,1,4,0
25086,5,3,https://github.com/spring-projects/spring-boot/commit/5cf2387e588f865160f9cf1ce26a0229a9f16fcc,Append context id to objectName of Endpoint MBeans if name already exists in MBeanServer,2014-01-29T20:06:14Z,2,73,0
9268,5,2,https://github.com/spring-projects/spring-boot/commit/11b5e86ffd5f80e7734493fcb9e106d7c45ba1ca,Deprecate BootJar#getConfigurations <enter>  <enter> Fixes gh-23527,2020-10-17T06:53:53Z,2,9,0
2821,2,2,https://github.com/apache/dubbo/commit/4704413b37ecdeafde73de0b6915aaa0d0b54b1c,Fix issue#5411 (#5427),2019-12-09T07:58:33Z,4,53,0
1456,1,1,https://github.com/junit-team/junit4/commit/445ea85dd748e4e83cf7be5940b41df95b3ffa8d,minor changes in test,2013-10-21T23:03:06Z,1,9,1
1563,1,0,https://github.com/junit-team/junit4/commit/fd1ef3ca8069bd149ca63c9660587918aa28c7cd,minor ParentRunner refactoring,2013-10-20T17:03:33Z,1,6,0
1596,1,3,https://github.com/junit-team/junit4/commit/4f7ed2bdf1856b0582e9b982aa0ba594498c6b45,"simplified isIgnored check in Framework, using it in <enter> BlockJUnit4ClassRuner",2013-10-20T14:47:02Z,2,10,0
1505,1,3,https://github.com/junit-team/junit4/commit/f5e7e1ff180bb17e4f9df702a038e06a974f78f6,added the since 4.12 where appropriate,2013-10-06T03:39:02Z,5,20,0
2331,1,2,https://github.com/junit-team/junit4/commit/c3c1b5edd8053bbce99d954d4abc2361ead06fd5,Fixes bug reported on Support Request 615265 <enter> swingui progress bar color on Mac OS X,2004-02-11T04:12:58Z,4,67,0
2414,1,0,https://github.com/junit-team/junit4/commit/591fcae09c6470a03ade7d608773f8f633409bc2,Added more Javadoc to Assert for messages and when they are displayed. <enter> Put versiontag back into Version.,2001-12-24T01:19:19Z,2,74,0
5723,3,3,https://github.com/square/retrofit/commit/28fb5a4ce47dcf68e9e34eea71a8262dbb341802,"Introduces MainThread#executeOnMain, and AndroidMainThread.",2012-06-04T19:31:57Z,3,82,0
5744,3,0,https://github.com/square/retrofit/commit/8ed51663314976594f4d4dfb8aa142e887fb8041,Fix style nits per review,2011-12-16T01:27:12Z,1,48,1
5746,3,3,https://github.com/square/retrofit/commit/5ea679fb5223de4364d8b1bb7d46abba2e99ced4,Adds an int statusCode parameter to clientError and serverError.,2011-12-15T22:13:39Z,5,112,0
406,1,0,https://github.com/junit-team/junit4/commit/5ea3196f1cdbc32bc3a91b96bedc1964d3bb76d1,Used assertArrayEquals to avoid converting an array to a list. <enter>  <enter> Incomplete - task : Issue 551: Resolve sensitive equality in <enter> MethodSorter test.,2012-11-18T20:09:21Z,1,7,0
429,1,0,https://github.com/junit-team/junit4/commit/a3e01b1ebea12f5fdfb6349e9e72623ac1f3b232,Cleaning up indentation <enter>  <enter> The inline method refactoring conducted by eclipse introduced <enter> some extra tabs. <enter>  <enter> Incomplete - task : Issue 551: Resolve sensitive equality in <enter> MethodSorter test.,2012-11-18T18:39:07Z,1,26,0
473,1,0,https://github.com/junit-team/junit4/commit/fa235e3520365aa9364ac16bf561e7a42524f0dc,"Refactoring of the test case for JVM Method sorter <enter>  <enter> Removed the string based equality, and improved naming <enter> (in particular calling the expected result 'actual' was confusing). <enter>  <enter> Incomplete - task : Issue 551: Resolve sensitive equality in <enter> MethodSorter test.",2012-11-18T13:44:41Z,1,7,0
603,1,0,https://github.com/junit-team/junit4/commit/dfaf332b4df0d98293ac135e5abf9de6a2623b14,"Added different implementation for Null Sorter test <enter>  <enter> Added an extra test case providing an alternative implementation for  <enter> the getMethodsNullSorter test case. <enter>  <enter> The new implementation passes when coverage analysis using jacoco is <enter> enabled, whereas the old one incorrectly fails. <enter>  <enter> The new approach only checks the order of methods that are of interest <enter> (i.e., not looking at irrelevant extra methods that the coverage <enter> analyzer might generate). <enter>  <enter> Furthermore the new approach avoid the 'sensitive equality' test smell <enter> by replacing toString-based equality by actual equality.",2012-11-15T09:23:41Z,1,27,0
2710,2,2,https://github.com/apache/dubbo/commit/882a8c430f2a495c8ba7f29c8038781963c93fdf,[Dubbo-4991] Fix zk client create logic (#5139) <enter>  <enter> fix #4991,2020-02-07T09:40:49Z,2,42,0
2654,2,2,https://github.com/apache/dubbo/commit/88e52067774526637b1da973b60583607172f544,fix #5837 (#5839),2020-03-09T09:45:21Z,1,2,0
2656,2,2,https://github.com/apache/dubbo/commit/28e737880ce70acb0339100a58512425cfb11fe7,Fix stub proxy does not work cause of ProxyFactory.getProxy change (#5838) <enter>  <enter> fix #5836,2020-03-09T09:42:31Z,1,15,0
2661,2,2,https://github.com/apache/dubbo/commit/529713305fc7807dd1600f18199ff4e7442f955f,Fix stub proxy does not work cause of ProxyFactory.getProxy change (#5838) <enter>  <enter> fix #5836,2020-03-09T09:42:31Z,1,15,0
2699,2,2,https://github.com/apache/dubbo/commit/c9f12ca17770d7035f1f9bf0a27c18fd6c4dce5a,MessageOnlyChannelHandler class should be consistent with the writing of the ExecutionChannelHandler class. (#5724) <enter>  <enter> fix #5256,2020-02-10T08:10:08Z,1,6,0
3986,2,0,https://github.com/apache/dubbo/commit/d73831895bc8dc9e85d6818571d6fa17a27ba404,"fix #1641, support get system load on windows (#2631)",2018-10-10T05:48:23Z,1,5,0
4207,2,2,https://github.com/apache/dubbo/commit/3516df569777b2ec6fbe20f130f3c342caf3f476,Fix hessian-lite spelling mistake (#1779),2018-05-11T09:09:02Z,6,36,0
5531,3,0,https://github.com/square/retrofit/commit/7ca5b518bccbe7c725a2e987887a1624187188be,fix issue #227: permit use when servers or intermediaries mistakingly miss Content-Type header,2013-05-27T16:02:26Z,3,200,0
5567,3,0,https://github.com/square/retrofit/commit/941ae858bc7bc1d03887df36590bd7c9ec8cb184,issue #198: validate header names per rfc 2616,2013-05-09T16:10:24Z,4,92,0
7803,4,2,https://github.com/square/okhttp/commit/4c1436b3d6e6a7f9722bbcaa4d9a286747168ec0,HTTP/2 initial window size is 65535 not 65536.,2014-07-02T14:46:56Z,2,7,0
4900,3,0,https://github.com/square/retrofit/commit/ed5ef7cc86ebad6cbd7ecad74ab77d59d23e93b3,More accurately name call adapter list field. (#2664),2018-02-18T03:33:33Z,1,43,0
4931,3,3,https://github.com/square/retrofit/commit/6eb7affff92964d9eb8097c05e9b2f781bfdf455,Remove volatile modifier from synchronized field.,2017-08-02T15:07:07Z,1,4,0
6944,4,0,https://github.com/square/okhttp/commit/0a4896a296c113c5fe0e82f0f052e615b95527bf,Transfer to/from FileChannel directly from Buffer. (#3846),2018-02-14T05:43:38Z,1,40,0
23268,5,0,https://github.com/spring-projects/spring-boot/commit/644ab5f3e4319610632b60cbbc4f9141f3ba3470,Align SessionsEndpoint with Spring Session API improvements <enter>  <enter> This commit aligns SessionsEndpoint with <enter> FindByIndexNameSessionRepository API improvements that simplifies <enter> retrieval of sessions by principal name. <enter>  <enter> Closes gh-14124,2018-08-17T16:04:38Z,4,24,0
28495,5,3,https://github.com/spring-projects/spring-boot/commit/0c036a69f2e87473cf3d60de4a4e56b8737f14ca,Improve Spring Session MongoDB support naming,2017-06-28T12:40:38Z,4,18,0
29742,5,0,https://github.com/spring-projects/spring-boot/commit/1c789f1a8d7fea4af7624496197fa931a3d4634d,Remove dependency management for `hibernate-entitymanager` <enter>  <enter> Closes gh-8433,2017-02-28T07:17:55Z,1,36,1
22266,5,0,https://github.com/spring-projects/spring-boot/commit/e769f20477c413a79fec551f42715415308516b5,Close the context in TypeExcludeFilterTests <enter>  <enter> Closes gh-5672,2016-04-13T02:26:03Z,1,25,0
29574,5,2,https://github.com/spring-projects/spring-boot/commit/0cd1285aa44c1d526a9505098ab99bdbcdb55de0,Polish <enter>  <enter> Closes gh-8879,2017-04-10T15:14:18Z,1,4,1
73,1,0,https://github.com/junit-team/junit4/commit/b9a1291cd0e72b0ba1babfd330a0148ab3d42b27,spelling: methods,2019-01-06T07:18:51Z,1,2,0
243,1,1,https://github.com/junit-team/junit4/commit/7a12b7070aaa88712ed449c0a746741fd7e0237a,Formatting,2013-01-18T00:21:29Z,2,124,0
261,1,0,https://github.com/junit-team/junit4/commit/0ebb59e0dec269db0816c63fda6113b006b3de52,"Simplification of theory parameter names, since format automatically deals with toString() and nulls.",2013-01-13T20:01:45Z,1,2,0
1643,1,3,https://github.com/junit-team/junit4/commit/50e3d1bc87b4b16f0617b6212252363f499397ab,Added parameter to annotation to mark exceptions in datapoint methods as ignorable.,2013-03-17T00:30:46Z,6,211,0
1709,1,3,https://github.com/junit-team/junit4/commit/e9d4de8e15255b03b60e935390e517d4de90a73b,"Single-datapoint methods are now only called if the return types could be relevant, and theory parameter signatures are compared with types via a prebuilt map rather than reflection.",2013-03-13T23:13:10Z,5,116,0
1718,1,0,https://github.com/junit-team/junit4/commit/02371d1154f29f894cd2c7f83ce6743f4abbe76a,Added two simple tests for boolean assertArrayEquals,2013-02-12T00:16:40Z,1,6,0
5752,3,3,https://github.com/square/retrofit/commit/bcab3a2ceda93524753fcdd3d258d5243c6833da,Move variable to where it is used.,2011-09-02T19:16:05Z,1,3,0
5756,3,0,https://github.com/square/retrofit/commit/ffab8145393225741167a003577696549573e857,Fix spelling,2011-09-01T20:02:21Z,1,2,0
5767,3,3,https://github.com/square/retrofit/commit/759d454eb3379dc2149552884ecc5492313d7633,Add fixed query parameter support,2011-05-04T22:37:32Z,6,130,0
7410,4,3,https://github.com/square/okhttp/commit/efbbb47626ded93f304fabea17fd07bb362d5119,"Tweak error copy, add a couple tests",2016-01-14T20:12:52Z,2,22,0
2511,2,2,https://github.com/apache/dubbo/commit/a2e5102657a8abe03812f0b025f457ca3d994921,Fix NPE when unexport Metadata Service (#6450),2020-07-13T08:22:42Z,1,9,0
2533,2,2,https://github.com/apache/dubbo/commit/5230444d5f83e586ce759d15e02ee799cf6241e7,fix publish null value when use consul config center (#6351) <enter>  <enter> * fix publish null value when use consul config center,2020-06-20T16:12:40Z,2,8,0
3047,2,0,https://github.com/apache/dubbo/commit/b0064d78a3b929eb3b25e0de9055412cb61f48ce,Make code of process callback of method cleaner in DubboBeanDefinitionParser (#4770),2019-08-10T12:28:03Z,1,26,0
3120,2,0,https://github.com/apache/dubbo/commit/ad5f9f909e6282381499e63070c6175014c81935,Correct @Parameter config of field of ConfigCenterConfig (#3688),2019-03-20T10:02:43Z,1,16,0
1839,1,3,https://github.com/junit-team/junit4/commit/e6769d4009db8030661815965e2e22829a4619ff,"No Interceptors class, interceptors turned on by default",2009-05-27T02:55:58Z,5,116,0
1844,1,3,https://github.com/junit-team/junit4/commit/38f920506399298a945ed38e08e18e1dafb62520,Remove throws from TestWatchman.starting,2009-05-27T02:12:24Z,2,4,0
1958,1,3,https://github.com/junit-team/junit4/commit/70986438ca98df55899e293a72931fc12bb737d9,Last changes with Kent. <enter>  <enter> Added fixed bugs to Release notes. <enter> Updated version number. <enter> Updated README.html <enter>  <enter> Signed-off-by: Kent Beck <kent@threeriversinstitute.org>,2009-04-07T02:31:18Z,5,206,0
6574,4,3,https://github.com/square/okhttp/commit/a7603602ca8b58c5a32117f03189d6d6a7c8e7be,add @overide for subclass override method,2019-03-30T04:42:26Z,4,25,0
2539,2,3,https://github.com/apache/dubbo/commit/c39eeb57aef6d2cb046a031a47dbd37e43b4b056,Revert 'fix wrong check of InvokerListener when export a service (fix issue_6269) (#6271)' <enter>  <enter> This reverts commit 91989cae508f8482f31ac335879da4a5975661c8.,2020-06-10T09:29:01Z,1,5,0
2542,2,0,https://github.com/apache/dubbo/commit/951955ad51c602a51b4ac6ada7344eef9ee1c195,Polish apache/dubbo#6296 : Adding the new methods into MetadataReport to manipulate the exported URLs for service introspection (#6299),2020-06-10T06:59:01Z,1,53,0
28095,5,0,https://github.com/spring-projects/spring-boot/commit/c84462b3d83623b2878f42ab0e781ef47451af24,Remove unfixable FIXME,2013-07-18T20:50:45Z,1,2,0
28452,5,0,https://github.com/spring-projects/spring-boot/commit/8dae41f24c5fe614b579a960dd4382d06dcde53f,Fix missing trailing / in resource paths,2013-05-18T15:03:27Z,1,4,0
2302,1,2,https://github.com/junit-team/junit4/commit/fb9f199f0ff53dded91ebb483aab7483a6e7e12a,fixed generated argument names,2004-11-17T22:46:22Z,1,8,0
2354,1,0,https://github.com/junit-team/junit4/commit/e7707e88ef3b20655d91513c6ed90c5e3db62cc8,improved names of test methods,2002-08-31T10:59:44Z,1,4,0
2393,1,3,https://github.com/junit-team/junit4/commit/58c50f297ca8e97e76fd3851d9eef13bd0cf73e2,rollback to correct version,2002-03-30T22:48:44Z,1,26,0
2450,1,1,https://github.com/junit-team/junit4/commit/f268f458843fc84e83c244a5c271cc71386eb1cf,*** empty log message ***,2000-12-11T22:20:03Z,2,15,0
6578,4,3,https://github.com/square/okhttp/commit/422458316520e5d4e86dad88d8a40359a40bf3f0,Revert 'Measure time' <enter>  <enter> This reverts commit 853a80d3ff56facc18ed3efcec32fcc9eb959dc9.,2019-03-27T06:10:55Z,1,28,0
6601,4,2,https://github.com/square/okhttp/commit/87bfe81744b407ddba3b6fc154949204af546ea5,"Fix flaky DuplexTest.duplexWithRedirect <enter>  <enter> The test is flaky because the server sometimes acts on the 301 response and resets the stream before the action added by MockDuplexResponseBody.sendResponse() is executed. This action then fails because it tries to write to a reset stream. mockDuplexResponseBody.awaitSuccess() then throws and fails the test. <enter>  <enter> The change enforces the de-facto sequence on most runs, where the 301 response is handled only after the Duplex response is sent. <enter>  <enter> Fixes https://github.com/square/okhttp/issues/4743",2019-03-24T17:02:36Z,3,31,0
6627,4,2,https://github.com/square/okhttp/commit/43f93d014c6cf42847ba88fe67dc2d7237bbfb4b,"Fix flaky testRfc2109Response() <enter>  <enter> The time delta in the cookie max-age is rounded down, so is at most 59 seconds. Possibly a GC or some other hiccup can occasionally make it lower, so allow some room for error. <enter>  <enter> Fixes https://github.com/square/okhttp/issues/4733.",2019-03-17T20:19:03Z,1,2,0
5753,3,3,https://github.com/square/retrofit/commit/44654cc452d1d38e581a20358ab2f9bbf8aabbbe,Allow Server extensions; improved FilesTest,2011-08-26T01:45:52Z,2,9,0
5758,3,3,https://github.com/square/retrofit/commit/325ece291ec13811cbd61a3dad1ffc2663f5a306,Repackage gson into retrofit.internal.gson,2011-06-06T01:04:47Z,5,58,0
5768,3,2,https://github.com/square/retrofit/commit/320d18e7dfe4ee17c1740d8f9b58e078fd1470c2,Ensure ByteSinks and Files use FileDescriptor.sync(),2011-03-31T20:47:50Z,2,9,0
5778,3,3,https://github.com/square/retrofit/commit/9259e3add43cb442859f3e3c9cbe2286920620e3,TypedFile gets its length from the underlying file now,2010-12-12T20:14:45Z,4,49,0
5779,3,3,https://github.com/square/retrofit/commit/e32d8b2a08d0905e36c44d9070d959eaeccf7ac5,added toString() to ErrorResponse.java,2010-12-06T13:05:58Z,1,12,0
21985,5,1,https://github.com/spring-projects/spring-boot/commit/11a093bdc08fa94dd7d380faa4f97731ad1faa6a,Polish,2014-05-29T23:31:11Z,6,55,0
16042,5,0,https://github.com/spring-projects/spring-boot/commit/036aace2cca7f33c0e96d3b222376b48947b735f,Add details in Jest ElasticSearch HealthIndicator <enter>  <enter> This commit polishes the previous one and aligns the Jest <enter> HealthIndicator with the changes made for the REST variant. <enter>  <enter> Closes gh-15366,2018-12-11T10:48:07Z,3,81,0
20718,5,0,https://github.com/spring-projects/spring-boot/commit/57147241cb9119e1c7af494bd48c76bfb4f5808a,"Make WebClientCustomizer optional for WebClient <enter>  <enter> This commit removes the required dependency on `WebClientCustomizer` <enter> instances when creating `WebClient` beans, making it optional. <enter>  <enter> Closes gh-12458",2018-03-15T09:47:45Z,2,120,0
21781,5,0,https://github.com/spring-projects/spring-boot/commit/5b2de5c81dc1cc3ab4e8c21ae615bc4d19567347,"Configure PathPattern for RSocket routing <enter>  <enter> This commit configures a `PathPatternRouteMatcher` in the RSocket <enter> support if spring-web is on the classpath. This `RouteMatcher` <enter> implementation is more efficient than the `SimpleRouteMatcher`, which is <enter> based on the `AntPathMatcher`. <enter>  <enter> Closes gh-16865",2019-06-06T22:14:01Z,2,18,0
26243,5,0,https://github.com/spring-projects/spring-boot/commit/1e648801bdb8c674cf95b806699e9b7c78d1fd0a,Move spring.mvc.media-types to content-negotiation <enter>  <enter> This commit moves 'spring.mvc.media-types' to the <enter> 'spring.mvc.content-negotiation.*' namespaces introduced in gh-11105. <enter>  <enter> Closes gh-11636,2018-01-16T09:30:39Z,3,52,0
27123,5,0,https://github.com/spring-projects/spring-boot/commit/e3c3bb00761ca020ad47e7bf1e74952d5c7de274,Rename spring.cache.control to spring.cache.cachecontrol <enter>  <enter> Closes #11090,2017-11-29T10:13:12Z,4,74,0
29756,5,0,https://github.com/spring-projects/spring-boot/commit/dc98d909ab14a99aa1874770cde352c0d32d0250,Support reactive web servers with LocalServerPort <enter>  <enter> This commit refactors the `EmbeddedWebServerInitializedEvent` hierarchy <enter> to have one specialized event for Servlet based apps and another one for <enter> reactive apps. <enter>  <enter> Each event implementation has: <enter>  <enter> * a specific `ApplicationContext` implementation for the app <enter> * a custom `getServerId` implementation that differentiates the <enter> application server from the management server <enter>  <enter> Closes gh-8348,2017-02-22T13:29:59Z,3,83,0
12897,5,0,https://github.com/spring-projects/spring-boot/commit/de0f0ecce480486baa0dd1d5d50b35be4d450d9d,Align counter behaviour between metric exporters <enter>  <enter> The MetricCopyExporter has had the capability for a while to keep <enter> track of counters internally. This change aligns that with the <enter> PrefixMetricGroupExporter. <enter>  <enter> Fixes gh-5762,2016-04-21T13:00:12Z,2,36,0
15976,5,0,https://github.com/spring-projects/spring-boot/commit/1c0bcc13cfa3aa00a8fea96e2ecb2e1867859a96,Set UserDetailsService in default AuthenticationManagerBuilder <enter>  <enter> Only affects the default AuthenticationManagerBuilder (so when users <enter> are not overriding the default global user details). Makes the <enter> UserDetailsService effectively available as it would be if we used <enter> AuthenticationManagerBuilder.inMemoryAuthentication() as a <enter> shared object in the HttpSecurity. <enter>  <enter> Fixes gh-3152,2015-06-08T12:14:12Z,2,45,0
16396,5,0,https://github.com/spring-projects/spring-boot/commit/8749fc745b9ea7355b4afca883d54f7d039b36db,"Disallow all extensions in actuator endpoints (except .json) <enter>  <enter> Along with the recent change in Spring to use content-disposition <enter> 'inline' (which prevents the download), it also makes sense to limit <enter> the extensions allowed by the actuator endpoints. Really there *is* <enter> no extension for these endpoints, but since all of them explicitly <enter> produce JSON we can add .json for browsers as a convenience in case <enter> the app would otherwise choose to send XML. <enter>  <enter> Fixes gh-4402",2015-11-12T09:57:58Z,2,22,0
17555,5,0,https://github.com/spring-projects/spring-boot/commit/12724bf33211d68899d710fda376bd5636731e4c,"Fix ordering of keys in PropertySourcesPropertyValues <enter>  <enter> Since @ConfigurationProperties binding uses a single instance of <enter> PropertySourcesPropertyValues per bean, there doesn't seem to be <enter> any issue with using a normal LinkedHashMap. Then the order <enter> passed in as PropertySources will be preserved. <enter>  <enter> Fixes gh-2487",2015-02-12T10:09:19Z,2,27,0
18418,5,0,https://github.com/spring-projects/spring-boot/commit/deef784403419ed57cb733089c0326d8b0781dd2,"Blitz some more special characters from the metric names <enter>  <enter> When MVC path matchers are used as metric keys, they can still contain <enter> invalid characters and patterns (like asterisks). This change removes <enter> some more special characters and also tidies up the names a bit so <enter> no key part starts or ends with '-' (which is ugly). <enter>  <enter> Fixes gh-1528",2014-09-13T12:08:06Z,2,24,0
18424,5,0,https://github.com/spring-projects/spring-boot/commit/437fb75424d1a2d852aec0a3cd16b55c3080cf30,"Add /error to ignored paths for security autoconfig <enter>  <enter> Protecting /error doesn't make a great deal of sense and if it is <enter> protected you don't get the ErrorPageFilter for the attempt at loading <enter> it, so Tomcat renders its own HTML error page (when deployed as WAR). <enter>  <enter> Fixes gh-1548",2014-09-13T15:55:39Z,4,44,0
21292,5,2,https://github.com/spring-projects/spring-boot/commit/56115b9baab9cb0eb3f512bef12b21218dbf18c6,Fix broken test (use web app context),2015-08-12T07:43:13Z,1,46,0
4894,3,0,https://github.com/square/retrofit/commit/27396fbd2a4b96d6e8cae79713b5af0b91b0fdf4,Update to OkHttp 3.10.0.,2018-02-24T19:24:42Z,1,9,0
4903,3,3,https://github.com/square/retrofit/commit/3bddf865827cbb8708258147c55d69769173d42b,Assert full JSON document consumption with Moshi.,2018-02-14T01:45:54Z,2,38,0
4905,3,3,https://github.com/square/retrofit/commit/87763dc75987d135c5cffe80766d128e5ba98db9,Assert full JSON document consumption with Gson.,2018-02-14T08:47:27Z,2,46,0
4958,3,3,https://github.com/square/retrofit/commit/4ec773178f8a992f9750ec4e7a57d2839530a075,Add failOnUnknown to MoshiConverterFactory,2017-01-25T01:33:52Z,2,46,0
4984,3,3,https://github.com/square/retrofit/commit/26c8790492e4f863926e077eb3267e8cbbefc600,Use Moshi 1.4's JsonAdapter.serializeNulls(),2017-02-05T00:26:04Z,2,15,0
6888,4,2,https://github.com/square/okhttp/commit/5fe3cc2d089810032671d6135ad137af6f491d28,OkHttpClient.cache() is nullable. (#3916),2018-03-07T03:26:55Z,1,2,0
7048,4,0,https://github.com/square/okhttp/commit/0d069f3b7bc524320fc76051408384f8ece77412,Prefer ByteString.encodeString. <enter>  <enter> This saves cloning the byte array because the byte array can't be modified by the caller.,2017-07-26T21:39:32Z,1,3,0
7060,4,0,https://github.com/square/okhttp/commit/a9942c7c902a4ecc3c96b97b34737c54b07b48d2,Fix code reference in Javadoc.,2017-06-18T09:53:20Z,1,4,0
7346,4,0,https://github.com/square/okhttp/commit/881bfb826fe3f717da329d2c99df80733484091a,Remove untrue Callback statement from doc,2016-02-16T06:55:41Z,1,3,0
7484,4,0,https://github.com/square/okhttp/commit/99f2bafe1c0abb2791131dde5a702d3bb3ba28f3,"Fix isClosed() when a cache has not been initialized <enter>  <enter> isClosed() now means 'has close() been called', after <enter> commit ea565b2e30e15cd52ddfc2ddc6db4ea8f1c3de88 <enter> it meant 'has not been initialized or close() has been <enter> called'. <enter>  <enter> Introduced explicit closed state. Minor tweak to use <enter> initialized state to determine whether cleanup will <enter> do anything. Added a test.",2015-01-12T12:01:30Z,2,30,0
7590,4,0,https://github.com/square/okhttp/commit/a21a3d38e362626381e0a47cc9fbd349b31b0449,Change COMPATIBLE_TLS to be TLSv1.0 and not SSLv3 <enter>  <enter> Based on a discussion with Jesse Wilson during <enter> https://github.com/square/okhttp/pull/1189.,2014-12-10T16:15:33Z,1,4,0
7655,4,0,https://github.com/square/okhttp/commit/92e64f0279f1ce10ddd280fe048a92f6a959203d,"Partially revert connection timeout behavior <enter>  <enter> Related to issue #1790. <enter>  <enter> If there is a *connection* timeout the next route should <enter> be tried. Timeouts during a request/response should <enter> probably not be retried. <enter>  <enter> The timeout/interrupt behavior was changed in PR #1257 <enter> for issue #1146. This modified both connection and <enter> request/response behavior. The issue reported was actually <enter> about the use of Thread.interrupt(), not timeouts, but the <enter> behavior change modified both behavior for interrupt and <enter> timeout. <enter>  <enter> PR #1388 split the handling of exceptions so that separate <enter> code now handles connection errors from that which handles <enter> request/response errors. It faithfully kept the behavior <enter> from PR #1257. <enter>  <enter> The modification of the timeout behavior during *connection* <enter> caused problems on Android. Now that the two types of error <enter> handling are split it's possible to deal with them <enter> differently and return the connection behavior to trying <enter> the next route. This does not modify behavior during <enter> request/response.",2015-08-06T16:23:12Z,2,21,0
7666,4,0,https://github.com/square/okhttp/commit/7a3bb19ea44f6771a20d3f5c323cc8bd15d73a56,"Prevent MockSpdyPeer interfering with Android tests <enter>  <enter> On Android we run the OkHttp tests as an instrumented test case. <enter> The default UncaughtExceptionHandler on Android will quit the <enter> app, causing the current test to fail. <enter>  <enter> MockSpdyPeer creates a thread that fails for various reasons <enter> that are not related to / required for the actual test. Often the <enter> exception is thrown during a subsequent test. <enter>  <enter> This change logs the exception but prevent it from <enter> propagating out of the top of the call stack. This decreases <enter> overall flakiness.",2014-11-26T17:43:24Z,1,2,0
7689,4,0,https://github.com/square/okhttp/commit/067aa1f4495f9c93bafca183a6d655fa81b139d6,Throw UnknownHostException again from HttpURLConnection <enter>  <enter> This is to address issue #1827.,2015-08-28T16:37:35Z,6,132,0
7754,4,0,https://github.com/square/okhttp/commit/aaf2695b00dfd69df6fd915ba16665eee8c1962d,"Fix ResponseCacheTest for Android <enter>  <enter> Pull #1011 broke ResponseCacheTest on Android. <enter>  <enter> The test was asserting a header generated <enter> using a copy of the old broken implementation. <enter>  <enter> The test now just uses HttpDate, which now has its own <enter> tests.",2014-08-06T12:59:28Z,1,11,0
8025,4,0,https://github.com/square/okhttp/commit/353ec0b0cdbf46ddbc2755e482c62ec711badf90,"Fix for SslContextBuilder/MockWebServer disagreeing about localhost <enter>  <enter> MockWebServer binds to getByName('localhost'), SslContextBuilder was using <enter> InetAddress.getByName(null) (null == any loopback). On Android, null <enter> returns IPv6 loopback, which has the name 'ip6-localhost'.",2015-02-12T09:47:03Z,1,2,0
8089,4,0,https://github.com/square/okhttp/commit/6cf56de5d0701ff26aa6043c552e17c4665c1287,"Return HttpResponseCache to previous (e.g. KitKat) behavior <enter>  <enter> This change required to handle this Android scenario: <enter>  <enter> When this version of OkHttp is packaged into Android in a future <enter> release (in com.android.okhttp...) there is a possibility that <enter> an older version of OkHttp bundled with application <enter> (in com.squareup.okhttp...) will pick up the newer HttpResponseCache <enter> via ResponseCache.getDefault(). It will attempt to use the get() / put() <enter> methods. Commit e2599be9e073f1be8e929597c358e2664ab0c9a9 was <enter> intended to restore HttpResponseCache get() and put() and avoid the <enter> UnsupportedOperationException that would be thrown. <enter>  <enter> Unfortunately, it didn't quite do it: <enter>  <enter> In KitKat and older versions OkHttp, in HttpResponseCache the behavior <enter> was to ignore any calls to put(URI, URLConnection) including <enter> any HttpURLConnection/HttpsURLConnection that wasn't its own <enter> (i.e. only ones from com.android.okhttp would be cached). The previous <enter> fix to HttpResponseCache re-introduced get()/put() but didn't implement <enter> the necessary instanceof checks. <enter>  <enter> Jesse also informs me that coexistance with other implementations <enter> of HttpURLConnection is not required (since OkHttp replaces the <enter> HTTP implementation on the desktop). I have also since discovered <enter> that HttpResponseCache didn't implement the cache-control logic <enter> required to follow the letter of the Java API anyway, which means <enter> that HttpResponseCache is not suitable for use in cases where <enter> the Http(s)URLConnection implementation expects a fully compliant <enter> implementation. <enter>  <enter> Also addressed nits from e2599be9e073f1be8e929597c358e2664ab0c9a9.",2014-03-20T17:19:52Z,5,105,0
8744,5,0,https://github.com/spring-projects/spring-boot/commit/869141766b18a18c4d6c45ff4e88d12d67291e19,"Use deterministic ordering of JavaBean methods <enter>  <enter> Update `JavaBeanBinder` so that methods and fields are sorted before <enter> being processed. This ensures that setters are called in a deterministic <enter> order, rather than the unspecified and variable order that reflection <enter> provides. <enter>  <enter> Fixes gh-24068",2020-12-10T02:14:58Z,2,67,0
8834,5,2,https://github.com/spring-projects/spring-boot/commit/e0a061707e01ef32da5d8f574b8a3ccf8b83dcd9,Fix checkstyle header violation <enter>  <enter> See gh-24337,2020-12-05T15:51:37Z,1,1,1
10854,5,0,https://github.com/spring-projects/spring-boot/commit/8ccf7ee489fccaeafbaf49a210f41d188922b113,Make file detection more resilient across restarts <enter>  <enter> Retain file snapshot state across devtools restarts to help prevent <enter> detection failures. <enter>  <enter> Closes gh-19543,2020-08-31T20:21:30Z,5,196,0
11743,5,1,https://github.com/spring-projects/spring-boot/commit/dfd233cadaafd535bc68f1f502cfa7d91114f617,Polish,2020-08-06T18:18:53Z,3,82,0
27983,5,3,https://github.com/spring-projects/spring-boot/commit/0db6799def3119b20798fc1b742e61db2d471dbf,Polish spring-boot-loader-tools <enter>  <enter> Issue: #53129653,2013-07-30T07:04:20Z,2,11,0
4168,2,0,https://github.com/apache/dubbo/commit/c1b686545cc1adaa1ff69c1493a094b751cad52f,Remove unused code.,2018-04-28T03:12:57Z,1,9,0
4182,2,0,https://github.com/apache/dubbo/commit/6ec0225cfa9b45c8349d19019f965d5c52d40a09,Remove unnecessary null check and fix typo.,2018-05-09T07:15:01Z,1,6,0
4185,2,0,https://github.com/apache/dubbo/commit/243e57130646c69c047910dd079f19cbadc57613,Remove unnecessary null check.,2018-05-09T07:08:07Z,1,2,0
4190,2,0,https://github.com/apache/dubbo/commit/51e2e80158c1d2f10cf8c38ae533e8c09ef91e9a,Remove unnecessary null check.,2018-05-09T07:01:54Z,1,2,0
4195,2,0,https://github.com/apache/dubbo/commit/203078981bb23517703e7bbb60925b8542bc8983,Ignore testStatusChecker since it is unstable and consider removing it later.,2018-05-13T00:30:03Z,1,7,0
4196,2,3,https://github.com/apache/dubbo/commit/5adaa26b7a94c3ce1c84f59a677a1c3bd1f5c983,Remove unnecessary null check.,2018-05-09T06:57:45Z,1,3,0
12336,5,2,https://github.com/spring-projects/spring-boot/commit/dd11b8adba6226e5be30944b4c8c8d42eaf12430,Fix checkstyle violation <enter>  <enter> See gh-21266,2020-04-30T10:20:52Z,1,9,0
12358,5,0,https://github.com/spring-projects/spring-boot/commit/b6e4c0f01286ec31439ae941ff842700374367de,Add group property to DynatraceProperties <enter>  <enter> See gh-19369,2019-12-13T15:41:51Z,3,26,0
13869,5,2,https://github.com/spring-projects/spring-boot/commit/911b12f28d1a6584eb9a0f849f6e953fad840b86,Fix JsonParser deprecation <enter>  <enter> See gh-18750,2019-10-25T16:04:15Z,1,2,0
14559,5,0,https://github.com/spring-projects/spring-boot/commit/3d27391d47910f73c1e889b76030a53038a38f25,Allow StringSequence.isEmpty() to be compatible with JDK 15 <enter>  <enter> JDK 15 introduces isEmpty() on CharSequence which clashes with the one <enter> declared in StringSequence because it is not public. <enter>  <enter> See gh-21713,2020-06-05T15:25:00Z,1,7,0
17486,5,3,https://github.com/spring-projects/spring-boot/commit/29605bacd2a23e5c0736254a62b2956f4edd79a7,Polish stream creation in some PropertySources <enter>  <enter> Closes gh-13343,2018-06-03T10:40:21Z,2,11,0
25592,5,0,https://github.com/spring-projects/spring-boot/commit/ba46e77169ac1a5fa92dee8345ba002bbf5918ba,Optimize checks for java classes in Binder <enter>  <enter> Closes gh-13567,2018-06-24T15:45:37Z,2,8,0
26079,5,0,https://github.com/spring-projects/spring-boot/commit/46e59503ec4b3d8bea4c789f763882ab629750f4,Use JSONObject.putOpt in JsonConverter <enter>  <enter> Closes gh-15595,2019-01-01T11:07:31Z,1,19,0
7819,4,0,https://github.com/square/okhttp/commit/80cb022e49e63cbf304654f41153d5d4fd2cde50,fix #789: Reorder test to ensure call is canceled before its body is returned.,2014-05-05T05:33:06Z,1,9,0
7943,4,1,https://github.com/square/okhttp/commit/e19326c0337758817e5879f9e1bef452d27f9a4a,Add MockWebServerRule.,2014-04-24T06:01:55Z,2,190,0
8199,4,3,https://github.com/square/okhttp/commit/15099af48064c22bc3357b01c9efcb1aa43c4819,Flush control frames; don't flush user frames.,2014-02-01T20:52:12Z,2,6,0
8204,4,3,https://github.com/square/okhttp/commit/08bc3c8808ec4495a1284ed6eb2325d44b435d33,Add MockWebServer.setNpnProtocols,2014-02-01T19:00:49Z,3,31,1
8224,4,3,https://github.com/square/okhttp/commit/241814257b774f39896d7384c3452ef22612307f,Backfill spdy and http/2 related tests wrt zero-length messages.,2014-01-24T09:47:03Z,3,166,0
8237,4,3,https://github.com/square/okhttp/commit/0c5b5454bc8e9c24160a5df1f5b83a0532323ee1,Read priority flag on http/2 headers frame.,2014-01-21T04:55:14Z,3,43,0
8250,4,3,https://github.com/square/okhttp/commit/04e1002ad11b41d6483e614c673cfaa81ae1a551,Support more than 64 referenced headers in HPACK.,2014-01-17T21:18:45Z,4,126,0
8319,4,2,https://github.com/square/okhttp/commit/af5e60af84da628125b6fa832bdb45093c4bba71,issue #364: spdy should set content-length when it is known.,2013-12-07T20:16:34Z,2,50,0
146,1,0,https://github.com/junit-team/junit4/commit/eb75886b2be7edf709441962bf3272e4319823c5,Add tests for serialization of Result.assumptionFailureCount.,2018-06-05T15:45:08Z,2,113,0
446,1,3,https://github.com/junit-team/junit4/commit/b1db2bb47b95aced929b7f801c9185045481da05,Remove tabs,2012-10-24T19:34:27Z,2,32,0
495,1,3,https://github.com/junit-team/junit4/commit/bbacbd93334540a5054bb50488f662c3f81a9c00,Remove @Deprecated from MethodRule and related methods.,2012-09-29T19:12:35Z,5,39,0
650,1,3,https://github.com/junit-team/junit4/commit/d96a05f8d33ed781c701c58dd285bf6464112719,Create a Builder for FailOnTimeout. <enter> Delete all constructors created since 4.11 was released. <enter> Fix style issues.,2014-09-03T05:23:15Z,3,148,0
805,1,3,https://github.com/junit-team/junit4/commit/f6149a9236d9a2778bf2fd6db927fd9f498a79c8,Make serialization of Result compatible with 4.11,2014-09-28T04:35:09Z,2,176,0
811,1,2,https://github.com/junit-team/junit4/commit/6d551f321d7bdcdafc2acbe0b5a3988bdc91b10f,RunNotifier.pleaseStop() is now thread-safe,2012-04-03T06:08:57Z,1,2,0
914,1,2,https://github.com/junit-team/junit4/commit/f15ee64ef898f26775b90e4baf19251a76e5b1e0,Fix method names in TemporaryFolderUsageTest.,2017-01-07T08:30:08Z,1,8,0
928,1,0,https://github.com/junit-team/junit4/commit/5eee07b3e21f196b8cb937fb88eb8cf4be694f76,"Optimize ParentRunner.filter for nested suites <enter>  <enter> Prior to this change, applying a filter to a nested suite would create redundant nested filters",2011-05-31T03:08:41Z,1,16,1
1003,1,3,https://github.com/junit-team/junit4/commit/a5acc2defe0134d179cf15424202b5403eef74d4,Improve error message when TemporaryFolder.newFolder() fails.,2017-01-06T17:40:52Z,2,39,0
1067,1,0,https://github.com/junit-team/junit4/commit/e857122bff2a9774c4f44df4a7d531b902e406df,Fix issue 30. Make TestWatcher abstract.,2011-01-08T04:53:42Z,3,6,1
1271,1,3,https://github.com/junit-team/junit4/commit/4042487e40bb441ad4388373e5c91d727b74e0db,Improve error message if the thrown exception has the same class but the classes are loaded from different class loaders.,2016-11-27T19:24:22Z,1,12,1
12420,5,2,https://github.com/spring-projects/spring-boot/commit/02a1c435874fa8ed72db227b3bd911d079fc7cee,Fix tests,2018-11-29T05:26:47Z,1,10,1
14104,5,0,https://github.com/spring-projects/spring-boot/commit/7ea87705246d47ae2286aab2b713849c38324589,Polish 'Fix request factory used with withBasicAuth' <enter>  <enter> Fixes gh-15982,2019-03-19T00:49:41Z,2,37,0
16897,5,0,https://github.com/spring-projects/spring-boot/commit/87680b4ee595ef9417495f443f0b475ff96e9e87,"Fix profile precedence when active and include provided <enter>  <enter> Before 2.0.2, if profiles were activated via the environment using the <enter> active and include profile property, profiles specified via the active <enter> property would take precedence. This commit restores that behavior. <enter>  <enter> Fixes gh-13513",2018-06-18T23:24:49Z,2,14,0
6921,4,0,https://github.com/square/okhttp/commit/abb0a790802996d1039c35424b70b0f3f06b94b7,First step towards HTTP/2 automatic pings. (#3874) <enter>  <enter> This changes the executor services in HTTP/2 connection to split up <enter> listener executors (of which there may be many threads) from writer <enter> executors (of which there is one per connection). <enter>  <enter> This adds a scheduled executor job to send pings on an interval. We <enter> don't yet fail the connection if pongs are not received. <enter>  <enter> For follow-up there's some work to remove exising APIs to send pings <enter> through the HTTP/2 APIs. These are unused and make it awkard to <enter> confirm that only the automatic pings are being replied to. <enter>  <enter> See https://github.com/square/okhttp/issues/3261,2018-02-22T01:17:09Z,5,188,0
7000,4,0,https://github.com/square/okhttp/commit/3646138247488c9832a7f325401fe0b12fcdbebf,Don't summarize the request and response headers. (#3576) <enter>  <enter> Just pass the Request and Response objects in directly.,2017-09-03T23:35:56Z,6,96,0
7004,4,2,https://github.com/square/okhttp/commit/a95ec06a5037f7ca84f4f596397ce6090734c59b,Fix a race in WebSocketHttpTest. (#3570) <enter>  <enter> We were assuming on a client failure the server wouldn't have any <enter> further events. But it will get a failure if we give it a moment. <enter> This was causing some test flakiness.,2017-09-01T16:39:24Z,1,1,0
3190,2,2,https://github.com/apache/dubbo/commit/c14605e15600e6817e12db07826ca896420f65d3,bugfix follow #4127 (#4155),2019-05-24T15:50:47Z,1,10,0
3196,2,0,https://github.com/apache/dubbo/commit/5caa422add46efa9b6de8c0e763e1ccecbcbfacd,just for modify comments and imports (#3227),2019-01-14T14:34:09Z,2,19,0
3445,2,0,https://github.com/apache/dubbo/commit/2497dcf1924335071d2e0f2339fa8ab4a3c34b71,make metadata key contain : when version and group is empty (#4465),2019-07-04T09:23:26Z,2,8,0
3446,2,2,https://github.com/apache/dubbo/commit/18773aa4d0925693839be7f53c0eee27697ebc1d,fix qos configuration cannot work after added 'qos-enable' style support (#4378) <enter>  <enter> fixes #4377,2019-06-25T07:52:54Z,2,43,0
3595,2,3,https://github.com/apache/dubbo/commit/5a9406c66d0ae1aabc1a83c1821f070ec823aa8b,modify metadata store from sync to async,2018-12-05T06:24:35Z,7,112,0
3752,2,3,https://github.com/apache/dubbo/commit/0aebefec3d4653c5144e4e68e77049d7b1198b1d,modify consumer metadatareport: param type from string to map,2018-11-20T02:00:11Z,7,66,0
3819,2,2,https://github.com/apache/dubbo/commit/d8db928d0a080767fe7ad4a3398d17ec39ec9614,fix :dubbo.properties cannot work on MetadataReportConfig,2018-11-08T10:31:15Z,1,4,0
3917,2,3,https://github.com/apache/dubbo/commit/1e6800bea49698c6d27b0ab05a1ffb15edff634b,seperate retry from AbstractMetadataReport,2018-10-23T06:39:10Z,3,127,0
3969,2,3,https://github.com/apache/dubbo/commit/d3469fde5038c71b7a69e44735e708c06bc720c2,delete class,2018-10-09T10:45:12Z,4,74,0
3984,2,0,https://github.com/apache/dubbo/commit/336ffd1db4a65fb77285674821e86e7b9274e944,add unit test,2018-09-29T07:09:12Z,5,136,0
3995,2,0,https://github.com/apache/dubbo/commit/6f86a8e71dc6925e35e7fcb0e6c18ca879b13494,add tests,2018-09-20T09:39:15Z,2,40,0
1402,1,1,https://github.com/junit-team/junit4/commit/a268686d96bfbb328e02b363c3f0f72da54f9fc6,checkpoint,2009-08-20T14:30:12Z,4,187,0
1474,1,0,https://github.com/junit-team/junit4/commit/c618504adee4bc91b3bd7e0ff06be6e1fa9d88cc,Cleaning up compile errors from reverting hamcrest change,2009-07-20T14:41:18Z,1,59,0
1788,1,3,https://github.com/junit-team/junit4/commit/d5af0e46c1cd912ef0932ce868517b1e8335531e,ExpectedException drastically simplified,2009-06-01T20:37:05Z,3,116,0
1817,1,0,https://github.com/junit-team/junit4/commit/9164fdee10603ebdb2b4a7d78ab00046fa3ad37f,Hamcrest 1.2 documented in release notes,2009-05-29T15:56:22Z,4,65,0
1863,1,3,https://github.com/junit-team/junit4/commit/3bcf273c37bc31e1f13986b02977cadbcd2b5a76,Removing more TODOs <enter>  <enter> Signed-off-by: Kent Beck <kent@threeriversinstitute.org>,2009-05-11T20:50:19Z,3,17,0
1864,1,3,https://github.com/junit-team/junit4/commit/4d6f0702dae590809b808230f027a60aa0a4a345,Added parallel tests to AllTests,2009-05-08T14:35:06Z,1,6,0
1871,1,3,https://github.com/junit-team/junit4/commit/9f1840115193b7d1bc4bc0b2715d762d317689dd,Ignore test for gump (need better long-term solution),2009-05-06T15:31:30Z,2,6,0
1891,1,2,https://github.com/junit-team/junit4/commit/fdc9cd5ea91f5ae1d7e5991abadd1b3f989626f7,Incorporated James Abbley's patch for ParallelComputer <enter>  <enter> Signed-off-by: Kent Beck <kent@threeriversinstitute.org>,2009-05-04T17:52:47Z,1,28,0
1901,1,3,https://github.com/junit-team/junit4/commit/44e2ed65cd904fc03aecd3b0763856009294bdec,Finishing the work of ComparisonCriteria <enter>  <enter> Signed-off-by: Kent Beck <kent@threeriversinstitute.org>,2009-04-30T18:52:12Z,4,168,0
1940,1,0,https://github.com/junit-team/junit4/commit/503a3b0d79d395ae5c05fee40cd4de2b927b7808,We're 4.7 now <enter>  <enter> Signed-off-by: Kent Beck <kent@threeriversinstitute.org>,2009-04-20T19:35:42Z,1,2,0
1949,1,2,https://github.com/junit-team/junit4/commit/f9168cb066a53dc63f7346f6bb3d25a46d0ccbed,Fix javadoc on Parameterized,2009-04-20T19:08:34Z,1,4,0
1968,1,0,https://github.com/junit-team/junit4/commit/f3c211455b9e09be36e4bf7ccc499fbdd35a527a,"Finished release notes, I think",2009-03-10T14:44:22Z,5,66,0
1313,1,0,https://github.com/junit-team/junit4/commit/46036e7146f9dd0ca44baaec490692b967edd0ce,"javadoc'ed, and with better names",2009-10-20T03:11:19Z,4,195,0
1403,1,0,https://github.com/junit-team/junit4/commit/758ec7fdc2ea8db0c3cb57b83c2a1a069ee214b6,Removed unused import,2009-10-13T02:05:01Z,1,5,0
1509,1,3,https://github.com/junit-team/junit4/commit/1bbab715de4c64943948ecc3739c8d5569378672,CategoriesMark2 reuse code properly from TestClass,2010-02-09T04:10:47Z,3,174,0
1623,1,2,https://github.com/junit-team/junit4/commit/4b549360e08dac944ee34b7c7bf1a95b41f72f35,FailureList isn't public,2009-07-07T01:44:02Z,1,2,0
1637,1,0,https://github.com/junit-team/junit4/commit/870289f3272917f312de6902b8b6bdc43552d4b7,Simplify Filter implementation for backward compatibility,2009-12-22T03:54:05Z,2,100,0
1650,1,3,https://github.com/junit-team/junit4/commit/2f9b53dbecad010dbb7e7cfff3a11476b7d2208a,Simplify Filter implementations,2009-12-22T03:30:10Z,2,26,0
294,1,2,https://github.com/junit-team/junit4/commit/3a5772dab5ce8f3b2879a19009357d425e84400e,StopWatch does not need to be abstract. <enter>  <enter> Fixes #1110.,2015-04-04T18:30:47Z,1,2,0
348,1,0,https://github.com/junit-team/junit4/commit/f851c3ee43e1966903ff66ecda3fa7f66c2d2ecb,"test: no inline comment, comment space",2012-12-11T16:24:29Z,1,8,0
357,1,3,https://github.com/junit-team/junit4/commit/78f5fa85b492353ad062f54d1f0ceec745537761,"no #deleteOnExit, no inline comment, added space in comment",2012-12-11T16:16:25Z,2,4,0
365,1,3,https://github.com/junit-team/junit4/commit/298cc4459cf76298f4b790a903fbdb6e6d20887d,small optimization if-else,2012-12-10T18:41:46Z,1,8,0
409,1,0,https://github.com/junit-team/junit4/commit/96e051b21a8f277c03158c3db32e1b4e4b0389c2,getNanos() is a single thread confinement. Volatiles not needed!,2012-11-20T09:56:55Z,1,4,0
435,1,2,https://github.com/junit-team/junit4/commit/b28fe09d1a54955bed2e4db5352c14fae195a418,fixes for #544 and #545,2012-11-15T17:39:45Z,2,56,0
448,1,3,https://github.com/junit-team/junit4/commit/c4e3854ae71d7dd8b624a977712bee3e29d5bcdd,"Added #finished(long nanos, Description description)",2012-11-19T20:28:17Z,2,41,0
464,1,0,https://github.com/junit-team/junit4/commit/0a2601045f101930d0ca7f31c53b416fafbbe7a7,"fixed Javadoc 'its' <enter> micros -> toMicros, millis -> toMillis, seconds -> toSeconds <enter> fixed Javadoc 3 lines to tab <enter> startTime -> startNanos <enter> endTime -> endNanos <enter> enum SUCCEEDED - > PASSED <enter> equalTo -> is(equalTo)",2012-11-19T07:07:31Z,2,46,0
572,1,0,https://github.com/junit-team/junit4/commit/c236a9e019a814b3542dcfe3a3a61b036c14d252,Improved Test: ParallelMethodTest fails few times,2012-09-20T00:40:46Z,1,38,0
589,1,3,https://github.com/junit-team/junit4/commit/41e5c7ed5f82b5a588828584c3ac765b40a76cea,improved implementation using Executors,2012-09-21T23:26:43Z,1,30,1
1672,1,2,https://github.com/junit-team/junit4/commit/3cd86b7018f2c57f10d671d007d08caa74463c09,Unnecessary array in varargs in AnnotatedBuildrer: Constructor#newInstance(Object ... initargs),2013-06-19T21:45:36Z,1,6,1
19243,5,0,https://github.com/spring-projects/spring-boot/commit/05e6af23cf2e60d5c61388fbb954bd56f00b9f94,Prepend without replacing in HttpMessageConverters <enter>  <enter> It was incorrect to simply replace existing instances because you can't <enter> tell from the instance which media types and java types it supports. This <enter> fix just prepends the custom converters so they get higher priority. <enter>  <enter> Fixes gh-1293,2014-07-28T16:30:34Z,2,29,0
19832,5,0,https://github.com/spring-projects/spring-boot/commit/123ffd736c0a435f24f8d9c647e5d384de8cab4a,Exclude @ManagedResources from Endpoint MBeans <enter>  <enter> If an Endpoint is already @ManagedResource then it doesn't need <enter> an additional (probably wrong) MBEan registration based on the invoke() <enter> method.,2014-06-26T15:11:56Z,3,131,0
21269,5,0,https://github.com/spring-projects/spring-boot/commit/09200361defde95ec48bd9169ab5db7590c9440b,"Align expectations of various JMX configurations <enter>  <enter> They all want to create an MBeanServer and when that happens <enter> user sees no MBeans, or sometimes just one set (Spring Core, <enter> Spring Integration or Spring Boot). To harmonise them we <enter> create a @Bean of type MBeanServer and link to it in the <enter> other autoconfigs <enter>  <enter> Fixes gh-1046",2014-06-06T15:10:56Z,5,92,0
21929,5,0,https://github.com/spring-projects/spring-boot/commit/b0579c1cf38aa6815ee180a2e61640cfbc2447d2,"Ensure JPA vendor properties are period separated <enter>  <enter> If you bind to Map<String,Object> you get a nested Map instead <enter> of period-separated keys. This change just makes JpaProperties <enter> expose a Map<String,String> so the keys are sane. <enter>  <enter> Fixes gh-988",2014-05-30T09:23:14Z,7,51,0
21955,5,0,https://github.com/spring-projects/spring-boot/commit/2b616fb7d94c8ec08ff8d750126d6470649fae72,Extract logic for duplicate file removal so it can be shared <enter>  <enter> .. between Maven and Gradle plugins. Also fixed bug in recursive <enter> scanning logic. <enter>  <enter> Really fixes gh-614,2014-04-02T10:02:06Z,4,173,0
23288,5,0,https://github.com/spring-projects/spring-boot/commit/3d437711363ade1717a7e11b7b781d240bad4983,"Register an AuthenticationManager in security autoconfig <enter>  <enter> This is quite a big step, but I think it helps a lot. Since Spring <enter> Boot always creates an AuthenticationManager if it doesn't find one <enter> already registered, it makes sense to also make it into a @Bean. <enter> Spring Security does not register its AuthenticationManager by <enter> default though, so we have to do that for it if the user has created <enter> one with an @Autowired AuthenticationManagerBuilder, but not registered <enter> it as a @Bean. <enter>  <enter> Having the @Bean (marked @Primary to prevent issues with @Autowired) <enter> makes it easier to reason about what Spring Boot has done for you, and <enter> easier to default in simple use cases to the boot-created <enter> AuthenticationManager. For example, if I want an OAuth2 Authorization <enter> Server with password grant, it makes total sense for the <enter> AuthenticationManager for users to be the same as the @Primary one. <enter> Now it is easy to set that up (just @Autowire it).",2014-03-13T11:51:38Z,3,79,0
23351,5,2,https://github.com/spring-projects/spring-boot/commit/6a10df09333c214dcaa984ff53e9f95c1c49cc58,Fix freeMarker->freemarker,2014-05-15T11:39:23Z,1,2,0
23422,5,0,https://github.com/spring-projects/spring-boot/commit/4d172ca7429bfc15692ce7f1247beeb355faa924,"Remove duplicate resources from classpath <enter>  <enter> We had been making a special case for logback.xml anyway, so <enter> extending that to simply deleting recursively all of <enter> src/main/resources (or equivalent) from target/classes (or <enter> equivalent) seems like it's perfectly justifiable. <enter>  <enter> Fixes gh-451",2014-03-10T16:56:55Z,2,55,0
26265,5,0,https://github.com/spring-projects/spring-boot/commit/c709423ab8e26f10f6734ad645e4996ebb2d7e4e,Typos in Javadocs,2013-12-27T09:19:23Z,2,4,0
27076,5,3,https://github.com/spring-projects/spring-boot/commit/089233e47295c23cd7c7f2c56f50a4fdedab682a,Add SpringApplicationErrorHandler <enter>  <enter> [#48055575] [bs-31] Add hooks for failed application context startup,2013-11-04T16:00:48Z,2,126,0
27710,5,0,https://github.com/spring-projects/spring-boot/commit/c25736d84f92e6d9158927b63e690cb5f2bae65e,Add test for nested properties,2013-08-13T15:13:52Z,1,38,1
1992,1,3,https://github.com/junit-team/junit4/commit/85578d48f6459a05665329faa9b52a861e9142cb,Now sorting tests globally,2008-11-06T20:15:27Z,6,139,0
1993,1,3,https://github.com/junit-team/junit4/commit/d6662fcc06ec7b07c696eb703c47d3731e4e11c7,"Oops, checked in some scaffolding and temporary changes",2008-10-31T00:24:00Z,7,38,0
1995,1,2,https://github.com/junit-team/junit4/commit/df48b66e73c740acb15f065eb7a4bad433930891,"AllTests passes, but Eclipse doesn't cal JUnitCore, so first attempt at dogfooding failed.",2008-10-28T19:50:31Z,2,56,0
2001,1,1,https://github.com/junit-team/junit4/commit/cec4a6baf600b8dee3d1318c242a67b56874288a,*** empty log message ***,2008-09-09T20:57:17Z,1,3,1
2051,1,0,https://github.com/junit-team/junit4/commit/eb2750d861ac1ecf2dbd0425e457fe833468a169,Added Johannes Link's test for running subclasses of Suite,2008-07-01T17:01:37Z,2,52,0
2172,1,3,https://github.com/junit-team/junit4/commit/73015005c155a0a7efdfe9edef87a95bb6fcc2de,Tweaked Theories a bit. It still seems strange that the class runner creates a statement which creates another class runner (or perhaps more class runners?).,2007-10-16T15:36:58Z,1,150,0
2185,1,3,https://github.com/junit-team/junit4/commit/6887479f1b64c5a18f5708ea6905bb59804a9a0f,Simplified Theories. Factored out ignoring violated assumptions into its own Link.,2007-10-09T16:25:42Z,4,32,0
2266,1,3,https://github.com/junit-team/junit4/commit/398bf2652efda067329f9fdedd13cd8e466c3be4,Comparing arrays declared as Object now uses array comparison. There was also a strange change to the .classpath file that I reverted. <enter>   -- Kent,2006-09-30T00:35:00Z,2,14,0
2313,1,2,https://github.com/junit-team/junit4/commit/ece77fa477a6d322bb5b37c7e2367f4c4dfbf9f3,[ 774304 ] Fix for JUnit 3.8.1 does not compile with JDK 1.1,2004-10-23T22:07:48Z,2,7,0
2347,1,0,https://github.com/junit-team/junit4/commit/f41f48d8f0a71620b878617e5fffb4b48c872978,"Reorganized the AssertTest, which had grown unwieldy.",2002-09-01T15:18:57Z,2,195,0
2363,1,2,https://github.com/junit-team/junit4/commit/815f7e7966f2d09382273fe34cf40452c94eb47b,Fixed small comments,2002-06-26T22:33:35Z,1,2,0
2429,1,0,https://github.com/junit-team/junit4/commit/0be4c31f80dc38ddf8decbc8d6d13bd23d3ae8b1,Enhanced missing test.jar error message,2001-10-21T18:44:51Z,1,1,0
56,1,0,https://github.com/junit-team/junit4/commit/467c3f8efe1a87e3029df282e4df60ad98bc4142,Deprecate Assert#assertThat <enter>  <enter> The method 'assertThat' is used for writing assertions with Hamcrest. <enter> Hamcrest is an independent assertion library and contains an own <enter> 'assertThat' method in the class 'org.hamcrest.MatcherAssert'. It is <enter> available both in the old Hamcrest 1.3 release and in the current <enter> Hamcrest 2.1. Therefore the JUnit team recommends to use Hamcrest's own <enter> 'assertThat' directly.,2019-09-26T20:24:47Z,1,6,0
190,1,0,https://github.com/junit-team/junit4/commit/d3d7a8b1389e53055d4de9de3aa319053b4a5524,Identify reflection package jdk.internal.reflect <enter>  <enter> JDK 9 uses classes from the package jdk.internal.reflect instead of <enter> sun.reflect.,2018-02-19T13:20:54Z,1,1,0
211,1,0,https://github.com/junit-team/junit4/commit/3d7de190844d92de87ca197cfd1fce74ae432f0f,Add test for handling InitializationError <enter>  <enter> The code was changed by commit 0804ef4cd09b0e94783a9882c60914e22fca5108 <enter> but unfortunately the test was not part of the commit. The test is based <enter> on Philip Graf's test in pull request #1065. <enter>  <enter> Co-authored-by: Philip Graf <git@acanda.ch>,2018-02-15T10:54:16Z,2,33,0
774,1,0,https://github.com/junit-team/junit4/commit/1ef449139923a22333f262dc8c75fa057903040c,Increase running time of statement. Fixes #963. <enter>  <enter> The time between starting the statement and calling the future is <enter> arbitrary. Now the execution time of the statement is very very long. <enter> This ensures that the statement is not already finished when the <enter> future is called.,2014-07-28T20:33:48Z,1,13,0
893,1,3,https://github.com/junit-team/junit4/commit/a538d25ae50887dc9395f2f59ad5040752c0ec4f,Apply code review.,2012-03-06T18:33:35Z,2,153,0
955,1,0,https://github.com/junit-team/junit4/commit/bfd54d62251a67c6709be3ec4f02a31a02ac5a45,deleted duplicate EventCollector,2011-09-27T03:14:36Z,1,58,0
1065,1,2,https://github.com/junit-team/junit4/commit/bcf4785a8ae0ad21ffefd80dcfbb360621d98806,fixed issue #89 (wrong JavaDoc of Parameterized),2011-07-22T07:44:08Z,1,4,0
1226,1,3,https://github.com/junit-team/junit4/commit/4e482e74f19f2619f940da57e2d7a0f1f70afe17,added Javadoc for RuleFieldValidator,2011-07-13T20:06:01Z,1,25,0
1327,1,0,https://github.com/junit-team/junit4/commit/0c114780df6a4f096493730dd004bccd44b13e15,Throw exception with helpful message if annotated field is not public (fixes issue #260).,2011-07-09T20:14:10Z,2,37,0
1339,1,0,https://github.com/junit-team/junit4/commit/41092ce4e01cc57d8aa1911e2f1169e0f355b1ae,Move TestClassTest to package org.junit.runners.model. <enter>  <enter> It is common to add tests to the same package as the class under test.,2013-10-31T22:54:25Z,2,7,0
1378,1,0,https://github.com/junit-team/junit4/commit/73c15ac3097078d2de1478dfecf4317a616346a3,Fixes #254: replaced @Rule by @ClassRule,2011-07-06T19:55:37Z,1,8,0
1517,1,0,https://github.com/junit-team/junit4/commit/bb13b318cd79a68470e93c79635090c7bb565475,"Revert changes of 128553f. Fixes #687. <enter>  <enter> Still fixes #121, but the original fix was superfluous. Added documentation <enter> about handling assumes and asserts in conjunction with the <enter> ExpectedException rule.",2013-09-03T23:39:32Z,2,175,0
1661,1,3,https://github.com/junit-team/junit4/commit/31c422f63b1b6b930ad4df7a2372a2576cc12094,Rewrite JavaDoc of ExcludeCategories.createFilter(Class<?>...). <enter>  <enter> Remove internal details of the created filter and describe its behaviour instead.,2013-08-06T20:45:03Z,1,4,0
354,1,2,https://github.com/junit-team/junit4/commit/6384edfffe7f8a2850d2bcde9a16a8e780734ebe,fail when AssertionError expected but not thrown <enter>  <enter> When a user expected the production code to throw an AssertionError by <enter> using ExpectedException (together with the #handleAssertionErrors <enter> option) but the code under test didn't do so the test was not failing. <enter> This was because the ExpectedException rule caught its own <enter> AssertionError issued to signal that the expected exception was not <enter> thrown.,2012-12-23T14:12:09Z,2,30,0
7493,4,0,https://github.com/square/okhttp/commit/2d73da131dfa77de81ff8a54831c7385a0ce2d72,fix #1919: PROPFIND request should not redirect to GET request,2015-12-09T08:22:18Z,3,37,0
922,1,2,https://github.com/junit-team/junit4/commit/7924760d2d64f5f7651e9e57d1ca01e1bcce74e0,Following feedback from dsaff,2012-04-06T21:20:45Z,5,103,0
3261,2,0,https://github.com/apache/dubbo/commit/5f19335477a9ea4eb0af0dd0bdbe068b4e309edd,typo for AccessLogFilter (#3633),2019-03-11T07:03:02Z,2,4,1
3625,2,0,https://github.com/apache/dubbo/commit/bd6e5f101ba5ddaa6bd4f153d694bf7dcf0c19d0,Class comment error (#3481),2019-02-15T03:29:56Z,3,6,0
6016,4,0,https://github.com/square/okhttp/commit/bc3c787ea2df854ac399603d5c67111716137d31,Refactor Jdk9PlatformTest by using DelegatingSSLSocket <enter>  <enter> Cont. https://github.com/square/okhttp/pull/5972 <enter>  <enter> We can use DelegatingSSLSocket instead of overriding SSLSocket abstract class.,2020-04-24T02:41:47Z,1,80,0
6255,4,0,https://github.com/square/okhttp/commit/0137eb9dbad165caea7189c5c3e09382563ef8bd,Remove unnecessary use of grouping parentheses <enter>  <enter> Let's remove warnings found by errorprone. <enter>  <enter> - attempt <enter> ``` <enter> okhttp/okhttp/src/test/java/okhttp3/CallTest.java:2056: warning: [UnnecessaryParentheses] Unnecessary use of grouping parentheses <enter>             sink.writeUtf8('attempt ' + (attempt++)); <enter>                                         ^ <enter>     (see https://errorprone.info/bugpattern/UnnecessaryParentheses) <enter>   Did you mean 'sink.writeUtf8('attempt ' + attempt++);'? <enter> ``` <enter>  <enter> - isEaualTo <enter> ``` <enter> okhttp/src/test/java/okhttp3/OkHttpClientTest.java:287: warning: [UnnecessaryParentheses] Unnecessary use of grouping parentheses <enter>       assertThat(expected.getMessage()).isEqualTo(('protocols must not contain null')); <enter>                                                   ^ <enter>     (see https://errorprone.info/bugpattern/UnnecessaryParentheses) <enter> ```,2019-10-14T22:34:19Z,2,6,0
7257,4,3,https://github.com/square/okhttp/commit/a5dc3106c54ae0aecd9237ffd942924e61ad5c0f,Do not allow remote peer to arbitrarily size the HPACK decoder dynamic table.,2016-06-28T00:25:23Z,2,8,0
7388,4,3,https://github.com/square/okhttp/commit/fc238a225d6da5b8d6e8fcb580b9d66021953fd7,Handle UnsupportedCharsetException in HttpLoggingInterceptor,2016-01-16T20:32:09Z,2,51,0
5475,3,0,https://github.com/square/retrofit/commit/93bb08c5c6fa7e44c3525cd0bccd0bd2a436251d,reformat with two-space indent,2013-11-04T08:50:28Z,1,12,0
907,1,0,https://github.com/junit-team/junit4/commit/cc617b399f369a0254edc714beb3551905fe799f,Updated version to 4.9b3,2011-07-06T17:39:08Z,1,6,0
932,1,3,https://github.com/junit-team/junit4/commit/a4c19ea7000b620dbb9f54c6cb625ddad1f8f33e,Update version in pom.xml; delete obsolete SuiteBuilder.java; <enter> remove duplication in build.xml,2011-01-03T20:19:23Z,1,138,0
963,1,0,https://github.com/junit-team/junit4/commit/6ee76dc22e56457cb5904eb6c5c0bf97939880cb,Update build_tests.sh to test 'ant profile',2011-01-03T19:49:23Z,1,13,0
998,1,3,https://github.com/junit-team/junit4/commit/38c12ee56d863068fb743b45d9c1ee2aa74b71a8,"4.10 final in version, non-snapshot staging",2011-09-29T19:33:04Z,1,10,0
1047,1,3,https://github.com/junit-team/junit4/commit/b310cd56f1039389aa360fbf51c6349e7a8e1f02,"Update JUnit version, improve ClassRule javadoc, update release notes",2011-01-03T18:33:50Z,1,82,0
1211,1,2,https://github.com/junit-team/junit4/commit/62a2a56c293fd154f152da6dad498d1fc222b352,Fix ParentRunner#withClassRules javadoc.  (Thanks to lacostej for initial pull) <enter> Closes GH-191.,2011-03-04T21:02:28Z,1,8,0
1444,1,0,https://github.com/junit-team/junit4/commit/25fa1d53ff124bc82d9d449c37ff1dea186c3e42,up version,2010-04-06T02:17:07Z,1,2,0
1458,1,2,https://github.com/junit-team/junit4/commit/1d86784cd452e8d9e30d812255cadb75ef8dae15,Fix compilation errors,2010-04-05T18:27:28Z,2,17,0
1497,1,1,https://github.com/junit-team/junit4/commit/496ee866a46f783d145b649a688df57cbf79490e,categories 2,2010-03-09T17:36:07Z,3,106,0
3142,2,2,https://github.com/apache/dubbo/commit/8798d3852ed0e9e82f037e89f9b8cd8b96a17e49,fix protocol register set false not work (#4776),2019-09-05T13:11:58Z,3,17,1
3609,2,2,https://github.com/apache/dubbo/commit/6f6ef6c9f2100e6d9a69c0337601d766f5587dea,[dubbo-2766] fix the bug of isMatch method of InvokeTelnetHandler (#2787),2018-12-11T07:02:18Z,1,4,0
1245,1,0,https://github.com/junit-team/junit4/commit/638e82435a01af83e77c23e9f8d7b658a89eb4bf,"Use %n in string.format() (#1346) <enter>  <enter> In format strings, it is generally preferable better to use %n, which will produce the platform-specific line separator.",2016-11-30T04:56:54Z,1,2,0
1625,1,0,https://github.com/junit-team/junit4/commit/b1d37670892cd885b87a7c62d7c5808517fd20b6,Remove useless variable (#1342),2016-07-16T14:30:58Z,1,2,1
5783,3,0,https://github.com/square/retrofit/commit/1eab56aadbb5b8336553d4d0b41f2f33564782c2,Cleaned up code.,2010-11-23T23:23:16Z,1,8,0
2719,2,0,https://github.com/apache/dubbo/commit/c0d62ed7a83347fa469c2b2a7d75287a5feb799b,"[Dubbo-perf]: Reduce object allocation for ProtocolUtils.serviceKey(int, String, String, String) (#5525)",2020-02-04T05:39:48Z,3,169,0
2776,2,0,https://github.com/apache/dubbo/commit/fa157deadf65d00c9884d611430ec78e585840ff,Refactor: remove NetUtils.getHostAddress() and relace it with NetUtils.getLocalHost() (#5526),2019-12-25T07:22:57Z,3,31,0
4960,3,3,https://github.com/square/retrofit/commit/84c3bd70694aecf0a87a4c6e5935b40d2ac7426a,Moved validation first before cloning,2017-03-27T22:56:48Z,1,10,1
4968,3,0,https://github.com/square/retrofit/commit/aa7db2e7e89202d77222e8f449fa0e243d6cac82,Removal of Unnecessary Creation of String Builder <enter>  <enter> if typeArguments has length 0 there is no point to create stringBuilder for that. that condition check needs to happen before stringBuilder creation.,2017-02-18T20:37:20Z,1,2,0
4928,3,0,https://github.com/square/retrofit/commit/a307aaac884dc7f1b1ef99f8f94125d8d141dc54,Add Retrofit.Builder.adapterFactories(). (#2486),2017-09-20T13:18:41Z,2,13,1
4164,2,0,https://github.com/apache/dubbo/commit/8b6f4456d5664f4e7f32b0e772befc4b12086aaa,Minor improvement on test cases: (#1507) <enter>  <enter> 1. Use org.junit.Assert instead of junit.framework.Assert(@Deprecated since Junit 4) <enter> 2. Use assertTrue and other assert methods through static import to make codes easier to read,2018-04-21T06:25:06Z,2,24,1
3016,2,0,https://github.com/apache/dubbo/commit/8be896e663812f9b981010295d47fa730af51428,Simplify code with Lambda (#4834) <enter>  <enter> Simplify code with Lambda,2019-08-16T02:54:56Z,3,37,0
3216,2,0,https://github.com/apache/dubbo/commit/57c13e07430a58e77249b96af9574b3db04e6dba,Remove unused import for unit test (#4976) <enter>  <enter> * clear unused import,2019-08-31T13:36:22Z,4,4,0
531,1,3,https://github.com/junit-team/junit4/commit/dfbf2ae868049c041c926f2bf2d7633056af5820,Add type wildcard,2014-12-08T20:14:36Z,1,2,0
580,1,3,https://github.com/junit-team/junit4/commit/430e3669badc46ae9ba97e513ddbd1a88a5b7f14,Suppress SecurityManager deprecation warnings,2014-12-08T20:13:20Z,1,2,0
825,1,0,https://github.com/junit-team/junit4/commit/ab9caa3650a262ef4399cfd7f0d7fdc366d6e327,Fix javac build <enter>  <enter> Replace both() with allOf(),2012-08-02T21:36:12Z,1,12,0
880,1,0,https://github.com/junit-team/junit4/commit/fe10c8a264e6585d9d8a92e5d5fa9a6e10aa298f,Fix typo in test name,2012-07-20T12:21:51Z,1,2,0
903,1,2,https://github.com/junit-team/junit4/commit/b4f0afa639b42fa551fdcb26d9c1855ae4d778cf,@Rule fields/methods must not be static <enter>  <enter> Fixes KentBeck/junit#339,2011-10-16T12:18:05Z,2,38,0
1001,1,2,https://github.com/junit-team/junit4/commit/5e9467c59b235ce84e7c7753c43609dea069e932,Both hasCause() and hasMessage() describe mismatches,2012-07-20T11:54:02Z,2,22,0
1025,1,0,https://github.com/junit-team/junit4/commit/a37fd9ac8b2afc54384fd32f470b54aa69dc620a,Rename withStacktrace() to isException()/isThrowable() <enter>  <enter> Following suggestion by @sf105,2012-07-20T09:42:16Z,4,42,0
1057,1,3,https://github.com/junit-team/junit4/commit/34701f7aedd60ace43171a9c56c14c8ef1f7bd15,Add JUnitSystem.exit() back,2014-09-12T19:56:52Z,3,25,0
202,1,0,https://github.com/junit-team/junit4/commit/bdb1799a6b58c4ab40c418111333f4e8e1816e7e,Add Assert#expectThrows and Assert#assertThrows <enter>  <enter> Closes #1154.,2015-06-04T01:43:01Z,2,147,0
230,1,0,https://github.com/junit-team/junit4/commit/eedd1f68fbd014beca60c979e8173c271ea5cf2d,"Upate TestName to make the 'name' field volatile. <enter>  <enter> This ensures that the name is published across threads correctly--for <enter> instance, if a parallelized runner is used. <enter>  <enter> Closes #1157",2015-06-04T17:21:13Z,1,2,1
754,1,3,https://github.com/junit-team/junit4/commit/cbf5dd3f8efc106bcb438203942d781831121071,Organized imports according to project's conventions,2012-04-27T18:34:34Z,1,14,0
808,1,3,https://github.com/junit-team/junit4/commit/cf2a11a5939e8623cb4591080f423134025bbf62,Stripped accidental formatting from an earlier commit,2012-03-29T16:43:59Z,1,2,0
3665,2,0,https://github.com/apache/dubbo/commit/3a05378a2f9f1d183c33882c585a9d2a90445ef8,Simply TagRouter (#2924),2018-12-10T03:25:22Z,1,14,0
5534,3,0,https://github.com/square/retrofit/commit/55299b7eea167f35a89c4c01a8b0a88037cf18e7,Update javadoc based on PR comment.,2013-07-08T23:34:20Z,1,4,0
5538,3,3,https://github.com/square/retrofit/commit/2c963003286ad91b0ee5cbf0a317578c4bce4025,Expose addQueryParam via the RequestInterceptor injection-like framework.,2013-07-08T23:15:19Z,3,72,0
622,1,3,https://github.com/junit-team/junit4/commit/23e6e92b774e1e3910acc6a903293972bc562500,Reorder assignments to match order of parameters.,2012-09-06T14:02:33Z,1,2,0
662,1,2,https://github.com/junit-team/junit4/commit/8134371705a43fa2b2a8913678d4336d867f6647,"Description.getTestClass() did not work reliably. <enter> Was assuming that the ClassLoader used for JUnit could also load test classes. <enter> While this may be true in a simple test runner based on a flat classpath, it is not true in all test runners. <enter> When we are given a Class object, keep itâ€”do not try to reconstruct it from its name alone.",2012-09-06T00:36:30Z,2,76,0
5430,3,1,https://github.com/square/retrofit/commit/932f228158e6bea03700f62cda93113c7b9c7a7d,whitespace.,2014-01-23T23:49:13Z,1,6,1
5442,3,3,https://github.com/square/retrofit/commit/884593d0e46c4eb30dd6e9ac8056bfdc2848345e,Changing Server to implement IServer interface.,2014-01-23T20:26:49Z,4,41,0
711,1,3,https://github.com/junit-team/junit4/commit/56b5463c6adf89a03f489f3525a9a343bc43d960,each' instead of 'f' for the variable name,2012-08-20T06:50:01Z,1,4,0
2491,2,0,https://github.com/apache/dubbo/commit/a466f4f4a4b58d1089533bdbbde372d852afb5f0,fix #4587: enhance url equals (#6706),2020-09-10T09:55:53Z,2,36,0
2602,2,0,https://github.com/apache/dubbo/commit/5d6ca6234f64a670fed2f3c5fdc1d0dba74a9c88,"register stated url to provider model, no matter the provider is configured to delay-published or not (#5757)",2020-04-03T07:29:25Z,1,11,0
2653,2,3,https://github.com/apache/dubbo/commit/61d1ba78f7417c7088a5b71e36bec5a668f9b558,throw unknown exception (#5849),2020-03-11T09:33:11Z,1,12,1
3137,2,0,https://github.com/apache/dubbo/commit/f490df87de45b57be8c224581a8a1a7dd9a20946,"keep demo simple, and switch to use zookeeper as registry center (#4705) <enter>  <enter> * keep demo simple, and switch to use zookeeper as registry center <enter>  <enter> * remove comment",2019-07-31T06:25:27Z,7,45,0
3282,2,0,https://github.com/apache/dubbo/commit/b4afeb982b943ca8c6bbd261302a9e161c2e98a9,"follow up for pr#4339, remove the space (#4591)",2019-07-18T01:44:03Z,1,84,0
3457,2,0,https://github.com/apache/dubbo/commit/df219f36aa27f6fd11c33a73af407b9e009485a7,enhance shutdown hook in spring (#3008),2018-12-18T13:37:57Z,2,8,0
3565,2,0,https://github.com/apache/dubbo/commit/d5c517607b5bb5360c56b8d619799b2795594040,port #3568 into main trunk (#3993) <enter>  <enter> fixes #3991,2019-05-10T05:01:06Z,1,4,0
3632,2,0,https://github.com/apache/dubbo/commit/b30bddb464344bdefad4034d06ed1ddba5d00aef,switch from CopyOnWriteArrayList to regular list in order to avoid potential UnsupportedOperationException (#3978) <enter>  <enter> Fixes #3242,2019-05-05T09:07:30Z,1,6,0
3716,2,0,https://github.com/apache/dubbo/commit/793bf8244411c33b675e08f1499122bc82654d44,Defensive check to solve issue #3923 (#3931),2019-04-26T06:01:23Z,1,7,0
3852,2,0,https://github.com/apache/dubbo/commit/505d15576cc90de4ed4b9b767c86663ad12697a3,enhance comments (#2735),2018-11-05T05:47:23Z,1,3,0
3853,2,0,https://github.com/apache/dubbo/commit/53644f70aeb269345121dd46e74a6490dbd223db,#2072: need javadoc and articles for spring annotation use. (#2076),2018-07-13T23:20:41Z,1,158,0
3903,2,0,https://github.com/apache/dubbo/commit/2c36be62d3ecd1d8fc6526cfffc83e7630110589,rename log file from alibaba to custom-access (#2057),2018-07-10T03:43:16Z,1,2,0
4068,2,0,https://github.com/apache/dubbo/commit/f770b7c59d8a80dd586cd415a20f6bff4f5a8f93,remove getContext() (#3235),2019-01-17T02:17:11Z,1,2,0
4206,2,2,https://github.com/apache/dubbo/commit/f4bd1b5f2cd54a7fd4944944f94d38bc5a2b1730,supplementary change for pull request#1388,2018-04-08T02:30:00Z,1,2,0
4258,2,0,https://github.com/apache/dubbo/commit/0423219d839404186b8a5ec7dec37f6addeb58d9,#1411: Locale deserialize 'zh-hant_CN',2018-03-01T06:58:01Z,3,108,0
4331,2,3,https://github.com/apache/dubbo/commit/0d1ef9b411ea06e6b8c30439a96e0290b0b9dbf6,rename package name from CommandImpl to impl,2017-12-25T06:11:28Z,5,20,0
4472,2,0,https://github.com/apache/dubbo/commit/66139d567eef8198101368b5d8ea37458767cae4,add unit test for parsing path,2016-06-12T07:21:14Z,1,6,0
4486,2,3,https://github.com/apache/dubbo/commit/b8b16fa4604e55487f2a42e5567a33df28abb554,find correct component type when the enclosing type is Foo<int[]> on JDK 7 and beyond,2016-06-07T08:57:52Z,1,3,0
6688,4,3,https://github.com/square/okhttp/commit/512f3528daf902fb74ad0e128420763cb91bdd35,Jdk8WithJettyBootPlatform - load through bootstrap,2019-02-15T00:16:45Z,1,8,0
7169,4,3,https://github.com/square/okhttp/commit/22b250c1b87d2c8038a78f9aea5dec3b644ce977,Correct UTF8 BOM is EFBBBF,2016-11-20T21:01:59Z,2,18,0
3009,2,0,https://github.com/apache/dubbo/commit/4e101490b227052aefaafffbc247d3826297d2b5,refactor some string operations with StringUtils (#5112) <enter>  <enter> refactor string empty check statements.,2019-09-26T12:16:29Z,3,56,0
7471,4,0,https://github.com/square/okhttp/commit/e97bb77a0efc057e47e1692fdf7f858bdbdb65ed,adds optional request body for DELETE requests to ammend #610,2015-01-13T00:50:08Z,1,4,0
7702,4,2,https://github.com/square/okhttp/commit/8e996aadc5d7839f249399abac657e3c9df1dc4a,Fix bug where request body isn't sent when it should,2015-09-18T04:58:36Z,2,10,0
8509,4,0,https://github.com/square/okhttp/commit/0665b628fafec38271d7a66421ae04c7fd35dd29,Add support for following HTTP 307 temporary redirects. <enter>  <enter> Fixes Android bug 41739.,2013-02-27T18:09:12Z,2,77,0
4795,3,2,https://github.com/square/retrofit/commit/083bf240fab810dee2d4570c74061983bf25136a,"Fix support for protobuf 3.5+, ExtensionRegistry cannot be null",2019-03-18T20:00:24Z,1,3,0
28044,5,0,https://github.com/spring-projects/spring-boot/commit/d0e70e90de67c4cca3646800d4ddcd8a83246c17,"When pool autocommit is disabled, inform Hibernate <enter>  <enter> Starting with Hibernate 5.2.10, the JPA property <enter> `hibernate.connection.provider_disables_autocommit` should be set to true <enter> when the datasource has autocommit disabled in order to improve <enter> performance. <enter>  <enter> See gh-9737",2017-07-12T18:52:36Z,5,46,0
6689,4,0,https://github.com/square/okhttp/commit/652f3a1d36298f15677a7eda7838fa5c04d6016b,HTTP/1 >> HTTP1,2019-02-23T22:20:07Z,1,2,0
1459,1,2,https://github.com/junit-team/junit4/commit/309edadfd8a7169e99571d36ec31cacfaabb2fe1,Take care of the TODO to make the inner class static.,2010-02-09T23:02:17Z,1,16,1
7904,4,3,https://github.com/square/okhttp/commit/28434ce17d1b0bfb7f398d047e825f0f76b6e403,Add wildcard hostnames support in CertificatePinner,2015-05-01T16:47:25Z,3,213,0
813,1,0,https://github.com/junit-team/junit4/commit/bd6dc3aff19a3d8e8e555d16a05a42557a755e0a,"Reused HasWrongExpectedException instead of own defined class <enter> (they were the same) and relocated the changes to a better location <enter> in the file which is more inline with the rest of the file. And, <enter> of course, removed the superfluous brackets.",2012-01-04T08:23:29Z,1,37,0
5002,3,3,https://github.com/square/retrofit/commit/4f7b239514b91b10b4daa37339bee717776e9bfe,Replaced invocation of deprecated factory methods in favor of newer counterparts in JacksonConverterFactory,2016-09-01T17:06:09Z,1,4,0
4892,3,0,https://github.com/square/retrofit/commit/c7f590e78d1c69117b80b153f8d7b8a95840d388,Remove redundant throws.,2018-03-23T20:07:44Z,2,6,0
6511,4,2,https://github.com/square/okhttp/commit/eae6f32101a5be6bf20621b7765791d32cb70f09,Fix correctness of WebSocketReader reserved flags test,2019-04-04T14:58:44Z,1,8,0
10321,5,0,https://github.com/spring-projects/spring-boot/commit/f11c030b7185b60dba0b116b0e0859600b6700ad,Align TestRestTemplate Javadoc with documentation <enter>  <enter> See gh-21318,2020-05-05T18:52:28Z,1,12,0
588,1,0,https://github.com/junit-team/junit4/commit/ec9bccf9521a6ccdd074f2618626507528a43bc9,Removed the unnecessary Note: block in javadoc,2012-09-19T18:44:09Z,1,3,0
2465,2,0,https://github.com/apache/dubbo/commit/f7127c7abc6424ff07e4615546176f543927fbfa,fix comment grammar error (#7080) <enter>  <enter> Co-authored-by: tangtong <alan1@sfmail.sf-express.com>,2021-01-07T05:17:46Z,1,2,0
22213,5,0,https://github.com/spring-projects/spring-boot/commit/a79f71cbe802a8d87bc22e6eba67553ccedd54a7,Add @IntegrationComponentScan auto-configuration <enter>  <enter> Update Spring Integration auto-configuration so that <enter> `@IntegrationComponentScan` from `AutoConfigurationPackages` is <enter> implicitly applied. Prior to this commit `@MessagingGateway` interfaces <enter> would only get picked up if `@IntegrationComponentScan` was added <enter> alongside with the `@SpringBootApplication`. <enter>  <enter> Fixes gh-2037 <enter> Closes gh-7718,2016-12-21T14:28:08Z,2,84,0
661,1,3,https://github.com/junit-team/junit4/commit/2b4ea7d30d22341fb488df73901277a5194fd424,implementing kcooney's suggestion,2012-05-10T17:54:27Z,1,4,0
15486,5,2,https://github.com/spring-projects/spring-boot/commit/83fbdc6ea897a61f62182b26733a4036b198a7a4,Fix NPE in FlywayEndpoint when migration.installedOn is null <enter>  <enter> See gh-14019,2018-08-08T15:40:30Z,1,9,0
3411,2,0,https://github.com/apache/dubbo/commit/038e87e69196613409722fc03e2f9737ea7b190c,format code style (#2475),2018-09-11T04:54:46Z,1,3,0
4390,2,0,https://github.com/apache/dubbo/commit/e51c52f1fdda187e033328f79ff0538ecf9c4972,Merge pull re <enter>  <enter> fix qos port can only configure by System property problem,2017-12-06T02:41:15Z,2,17,0
3519,2,0,https://github.com/apache/dubbo/commit/a5faea2232cc306d4243513038afdaac06f83497,"make loadbalance robust, add comments (#2962)",2018-12-17T07:51:21Z,4,58,0
17766,5,0,https://github.com/spring-projects/spring-boot/commit/12bfca56d617f935e0a53760bf18f300eba8a430,Remove unnecessary null check <enter>  <enter> See gh-17916,2019-08-20T02:46:13Z,1,4,0
3841,2,0,https://github.com/apache/dubbo/commit/16f7a1efe95abed080081fbdbcf18bc9ec472b1b,Close all servers/ports after tests finish (#2741),2018-11-06T09:06:10Z,1,9,0
4299,2,0,https://github.com/apache/dubbo/commit/9ca9bb04b926ba33c6755aff8373314e60f2be89,Fix typo #1260,2018-01-25T11:24:48Z,1,6,0
2612,2,0,https://github.com/apache/dubbo/commit/61d5d44b90b76f264ecdf5aa50763a91b91e0fa6,Update ForkingClusterInvoker.java (#5875),2020-04-01T15:01:52Z,1,4,0
3896,2,0,https://github.com/apache/dubbo/commit/e8d85386bc7869d3a6e5b27c12ec7784c74bc2d6,Format code (#3756),2019-03-27T15:19:16Z,6,20,0
2527,2,0,https://github.com/apache/dubbo/commit/bbacab0b32b74ba4beb90f9100980b184ac70c71,"Enhancement, support Map auto recognize in PojoUtils (#6106) <enter>  <enter> Fix #5939",2020-06-30T07:36:08Z,5,93,0
3452,2,0,https://github.com/apache/dubbo/commit/789775b3ae35d673028dd99e5251e92334ff14c3,Change CopyOnWriteArrayList to regular list in DubboProtocol (#4056),2019-05-15T03:05:48Z,1,3,0
3497,2,0,https://github.com/apache/dubbo/commit/3bdc316511f9b5e2093875f7ded3f7da791edab7,replace Random with ThreadLocalRandom (#2433),2018-09-05T03:31:52Z,2,16,0
2960,2,2,https://github.com/apache/dubbo/commit/055f1cc6adab30fc09496144cb66952fa5a05376,[Dubbo-4871] fix cache file name issue in windows platform (#5158),2019-10-11T13:30:51Z,2,6,0